rep,n,base,TSTR1,TRTR1,TSTR2,TRTR2
0,20,0.15347396942132766,0.17495645442229535,0.19063286239597446,0.19968335642192755,0.3174351870176133
0,50,0.14321656667311786,0.19914844203599769,0.21559899361331528,0.20977637047298633,0.3936275479912923
0,100,0.14321656667311786,0.22353396555060964,0.2262434681633443,0.21769245992479716,0.4108450425489808
0,300,0.14321656667311786,0.2260499322624347,0.23533965550609637,0.2279833762121512,0.4678408866020186
0,465,0.14321656667311786,0.18347203406231857,0.23204954519063287,0.1882050267168019,0.47397585592717195
1,20,0.14321656667311786,0.15115153861041222,0.19082639829688408,0.1723728478131803,0.31407084900059373
1,50,0.14321656667311786,0.21308302690149022,0.2024385523514612,0.21116168612705324,0.36018207005739167
1,100,0.14321656667311786,0.18850396748596865,0.19256822140507063,0.20562042351078566,0.41915693647338215
1,300,0.14321656667311786,0.20785755757693053,0.231468937487904,0.22343162477735998,0.46309123293093213
1,465,0.14321656667311786,0.19682601122508225,0.23204954519063287,0.21037007718187214,0.47338214921828614
2,20,0.08863944261660538,0.15986065415134507,0.17960131604412619,0.167029487433208,0.25786661389273696
2,50,0.15347396942132766,0.1497967873040449,0.2202438552351461,0.17791411042944785,0.41975064318226796
2,100,0.15347396942132766,0.20437391136055738,0.22179214244242307,0.22165050465070255,0.4407282802295666
2,300,0.14321656667311786,0.20514805496419586,0.22972711437971743,0.19572531169602217,0.46467445082129427
2,465,0.14321656667311786,0.22992065028062705,0.23185600928972325,0.2392638036809816,0.47278844250940033
3,20,0.14321656667311786,0.21056706018966517,0.17321463131410877,0.2081931525826242,0.2677617257075005
3,50,0.14321656667311786,0.16663441068318174,0.22043739113605573,0.1690085097961607,0.39283593904611125
3,100,0.14321656667311786,0.19798722663053997,0.21501838591058642,0.21571343756184444,0.41836532752820105
3,300,0.14321656667311786,0.2157925295142249,0.23204954519063287,0.2386700969720958,0.46803878883831385
3,465,0.14321656667311786,0.21347009870330946,0.23011418618153667,0.201464476548585,0.4714031268553335
4,20,0.14321656667311786,0.20572866266692472,0.21405070640603832,0.2254106471403127,0.4241044923807639
4,50,0.14321656667311786,0.2014708728469131,0.2283723630733501,0.216109242034435,0.4444884227191767
4,100,0.14321656667311786,0.2169537449196826,0.2343719760015483,0.24559667524243023,0.45497724124282607
4,300,0.14321656667311786,0.22566286046061546,0.23785562221792142,0.23154561646546606,0.4662576687116564
4,465,0.14321656667311786,0.2305012579833559,0.23011418618153667,0.23708687908173362,0.4729863447456956
5,20,0.14321656667311786,0.181730210954132,0.18192374685504162,0.18385117751830596,0.3273302988323768
5,50,0.14321656667311786,0.18869750338687827,0.19160054190052256,0.21096378389075796,0.3993667128438551
5,100,0.14321656667311786,0.18463324946777626,0.1919876137023418,0.19255887591529786,0.41341777162081933
5,300,0.14321656667311786,0.21540545771240566,0.22488871685697698,0.23510785671878093,0.4611122105679794
5,465,0.14321656667311786,0.2241145732533385,0.23185600928972325,0.24737779536908766,0.47278844250940033
6,20,0.14321656667311786,0.20592219856783434,0.17921424424230695,0.21531763308925392,0.3306946368493964
6,50,0.14321656667311786,0.19179407780143218,0.18927811108960713,0.20186028102117554,0.377993271323966
6,100,0.14321656667311786,0.1900522546932456,0.22179214244242307,0.1955274094597269,0.4547793390065308
6,300,0.14321656667311786,0.18637507257596284,0.23282368879427134,0.24144072828022956,0.4714031268553335
6,465,0.14321656667311786,0.22372750145151926,0.23204954519063287,0.23669107460914307,0.4721947358005145
7,20,0.15347396942132766,0.16489258757499517,0.22953357847880781,0.19374628933306948,0.3277261033049673
7,50,0.14321656667311786,0.2076640216760209,0.23456551190245792,0.23293093211953295,0.3772016623787849
7,100,0.14321656667311786,0.21888910392877878,0.23514611960518675,0.2477735998416782,0.4272709281614882
7,300,0.14321656667311786,0.2312754015869944,0.23746855041610218,0.2074015436374431,0.4678408866020186
7,465,0.14321656667311786,0.18463324946777626,0.23069479388426553,0.23114981199287551,0.4731842469819909
8,20,0.14321656667311786,0.19489065221598606,0.20224501645055157,0.2081931525826242,0.3690876706906788
8,50,0.15347396942132766,0.20785755757693053,0.22643700406425393,0.22659806055808432,0.3997625173164457
8,100,0.14321656667311786,0.2084381652796594,0.22334042964970002,0.216109242034435,0.4276667326340788
8,300,0.14321656667311786,0.20592219856783434,0.2262434681633443,0.22382742924995053,0.4553730457154166
8,465,0.14321656667311786,0.2190826398296884,0.23224308109154249,0.21195329507223432,0.47278844250940033
9,20,0.14321656667311786,0.19392297271143796,0.18250435455777048,0.21195329507223432,0.3673065505640214
9,50,0.14321656667311786,0.16992452099864525,0.1900522546932456,0.19295468038788838,0.40273105086087474
9,100,0.14321656667311786,0.19508418811689568,0.20069672924327464,0.1935483870967742,0.42489610132594496
9,300,0.14321656667311786,0.21559899361331528,0.22856589897425972,0.24599247971502078,0.4662576687116564
9,465,0.14321656667311786,0.22895297077607896,0.23224308109154249,0.22679596279437958,0.47476746487235305
10,20,0.15347396942132766,0.12095993806851171,0.20785755757693053,0.1583217890362161,0.30991490203839306
10,50,0.14321656667311786,0.20418037545964776,0.22759821946971162,0.20443301009301404,0.34751632693449436
10,100,0.14321656667311786,0.18985871879233598,0.22875943487516934,0.2220463091232931,0.41401147832970514
10,300,0.14321656667311786,0.2181149603251403,0.2283723630733501,0.23510785671878093,0.47456956263605776
10,465,0.14321656667311786,0.20940584478420746,0.23204954519063287,0.22046309123293092,0.4781318028893726
11,20,0.15347396942132766,0.19566479581962454,0.21230888329785175,0.19711062735008905,0.3562240253314862
11,50,0.14321656667311786,0.21540545771240566,0.2084381652796594,0.23035820304769444,0.3910548189194538
11,100,0.14321656667311786,0.19469711631507644,0.21869556802786916,0.2107658816544627,0.422719176726697
11,300,0.14321656667311786,0.1983742984323592,0.22140507064060383,0.24361765287947754,0.4706115179101524
11,465,0.14321656667311786,0.2231468937487904,0.23011418618153667,0.23965960815357212,0.4706115179101524
12,20,0.15347396942132766,0.1797948519450358,0.20998645248693631,0.1729665545220661,0.2960617454977241
12,50,0.14321656667311786,0.20069672924327464,0.2262434681633443,0.22837918068474175,0.3902632099742727
12,100,0.14321656667311786,0.2097929165860267,0.22082446293787497,0.24619038195131604,0.3975855927171977
12,300,0.14321656667311786,0.21637313721695375,0.2250822527578866,0.23213932317435187,0.45853948149614093
12,465,0.14321656667311786,0.22430810915424812,0.22992065028062705,0.23768058579061943,0.4723926380368098
13,20,0.14321656667311786,0.16102186955680278,0.1745693826204761,0.16544626954284583,0.2875519493370275
13,50,0.14321656667311786,0.19121347009870332,0.1840526417650474,0.1769245992479715,0.34039184642786463
13,100,0.14321656667311786,0.22392103735242888,0.21830849622604992,0.1994854541856323,0.42489610132594496
13,300,0.14321656667311786,0.21521192181149604,0.22663053996516352,0.21017217494557688,0.46309123293093213
13,465,0.14321656667311786,0.21501838591058642,0.2324366169924521,0.22323372254106472,0.4725905402731051
14,20,0.14321656667311786,0.19972904973872654,0.1943100445132572,0.24203443498911537,0.31981001385315655
14,50,0.14321656667311786,0.21540545771240566,0.19701954712599187,0.2452008707698397,0.366317039382545
14,100,0.14321656667311786,0.20050319334236502,0.22914650667698858,0.19711062735008905,0.41401147832970514
14,300,0.14321656667311786,0.2179214244242307,0.22488871685697698,0.23213932317435187,0.4660597664753612
14,465,0.14321656667311786,0.22275982194697116,0.2305012579833559,0.23273302988323769,0.47595487829012467
15,20,0.14321656667311786,0.18772982388233017,0.17960131604412619,0.22877498515733227,0.31446665347318425
15,50,0.14321656667311786,0.2260499322624347,0.18676214437778207,0.2333267365921235,0.3710666930536315
15,100,0.14321656667311786,0.22566286046061546,0.2231468937487904,0.23629527013655255,0.4391450623392044
15,300,0.14321656667311786,0.22585639636152507,0.23204954519063287,0.2444092618246586,0.46368493963981794
15,465,0.14321656667311786,0.2250822527578866,0.2324366169924521,0.2452008707698397,0.4723926380368098
16,20,0.15347396942132766,0.2003096574414554,0.19876137023417845,0.213932317435187,0.34098555313675044
16,50,0.14321656667311786,0.17592413392684342,0.1888910392877879,0.18385117751830596,0.40332475756976055
16,100,0.14321656667311786,0.17650474162957228,0.2262434681633443,0.17949732831981002,0.4223233722541065
16,300,0.14321656667311786,0.2035997677569189,0.227404683568802,0.2331288343558282,0.46823669107460913
16,465,0.14321656667311786,0.2262434681633443,0.2305012579833559,0.21630714427073025,0.4719968335642193
17,20,0.14321656667311786,0.15328043352041804,0.17689181343139151,0.18404907975460122,0.27924005541262614
17,50,0.14321656667311786,0.17476291852138573,0.19856783433326883,0.17613299030279042,0.3783890757965565
17,100,0.14321656667311786,0.18618153667505322,0.19643893942326301,0.21531763308925392,0.44686324955471995
17,300,0.14321656667311786,0.19276175730598025,0.204567447261467,0.2398575103898674,0.46368493963981794
17,465,0.14321656667311786,0.22295335784788078,0.23224308109154249,0.22283791806847417,0.4698199089649713
18,20,0.14321656667311786,0.18676214437778207,0.21211534739694213,0.17534138135760935,0.3273302988323768
18,50,0.14321656667311786,0.20901877298238825,0.22237275014515193,0.21096378389075796,0.41341777162081933
18,100,0.14321656667311786,0.20224501645055157,0.22450164505515774,0.19928755194933703,0.40332475756976055
18,300,0.14321656667311786,0.22469518095606736,0.23166247338881363,0.23886799920839105,0.46863249554719966
18,465,0.14321656667311786,0.2177278885233211,0.23011418618153667,0.2186819711062735,0.4719968335642193
19,20,0.14321656667311786,0.21347009870330946,0.21347009870330946,0.21096378389075796,0.3269344943597863
19,50,0.15347396942132766,0.18560092897232436,0.23185600928972325,0.19849594300415593,0.3962002770631308
19,100,0.14321656667311786,0.2109541319914844,0.23011418618153667,0.23728478131802888,0.40847021571343756
19,300,0.14321656667311786,0.2177278885233211,0.23088832978517515,0.24698199089649714,0.45853948149614093
19,465,0.14321656667311786,0.22237275014515193,0.23224308109154249,0.23174351870176133,0.4751632693449436
