rep,n,auc,tpr@10,mem_mean,non_mean
0,20,0.5737068965517241,0.1,0.7672728617139937,0.7333960978506183
0,50,0.4462068965517242,0.04,0.6784936931610477,0.6980989936571136
0,100,0.47426724137931037,0.02,0.6356358095897707,0.6410249414731107
0,300,0.47739942528735635,0.05333333333333334,0.6158736622324128,0.6191409348319147
0,465,0.4589080459770115,0.07182795698924731,0.605748232965464,0.6094958218103528
1,20,0.5258620689655172,0.1,0.7886541375925372,0.7713570788958355
1,50,0.5370689655172414,0.08,0.6880876092307047,0.6657001162832205
1,100,0.5130603448275863,0.1,0.650018932161678,0.6427075593406477
1,300,0.49160919540229886,0.11622222222222223,0.6214262585040033,0.6165518728610241
1,465,0.47770671116054875,0.09247311827956989,0.6027700713212449,0.6036105944697081
2,20,0.547198275862069,0.15,0.7941098626424941,0.7669217729212707
2,50,0.44224137931034485,0.06,0.658722316030855,0.6755745957040662
2,100,0.4730603448275862,0.08,0.6286995169199324,0.6366018543568678
2,300,0.46149425287356327,0.08333333333333333,0.6010783026063748,0.6107982094933937
2,465,0.4665739710789767,0.07956989247311828,0.6029632628952726,0.6102133871018962
3,20,0.4577586206896552,0.05,0.7358145366420181,0.7510913818790521
3,50,0.4852586206896552,0.12,0.6392700600523306,0.6318712460932521
3,100,0.4996551724137931,0.1,0.6305191187341397,0.6236870318882111
3,300,0.4764655172413793,0.08866666666666667,0.6165509037578122,0.6162250896210838
3,465,0.4737671486837226,0.060215053763440864,0.6119376612284381,0.6149558348628225
4,20,0.6480603448275863,0.2,0.7544239408911549,0.6904616231141752
4,50,0.5391379310344828,0.1,0.6728421824254609,0.6466655564924733
4,100,0.4490948275862069,0.07,0.6235324593292224,0.633290475164944
4,300,0.4788505747126437,0.09333333333333334,0.6226600987394213,0.6225457634874304
4,465,0.4672969966629589,0.061505376344086024,0.6093144787659663,0.6155831156270234
5,20,0.4773706896551724,0.15,0.7360092805099143,0.742141358656942
5,50,0.5396551724137931,0.14,0.6650819599810268,0.6490342577224569
5,100,0.4810344827586207,0.04,0.6295183307803239,0.6314474937239415
5,300,0.4565373563218391,0.03333333333333333,0.5956615789667907,0.6097968465143366
5,465,0.4609473489061921,0.06881720430107527,0.6039261138512204,0.6135232318675664
6,20,0.5853448275862069,0.13000000000000006,0.7493032785475024,0.7132974787630932
6,50,0.5239655172413793,0.09200000000000003,0.6945747870827239,0.6810141524406522
6,100,0.49568965517241376,0.07,0.6525710043417056,0.6544765942593457
6,300,0.45925287356321837,0.06333333333333334,0.6192418731484668,0.6303495907434689
6,465,0.4670003707823508,0.07526881720430108,0.610063714981811,0.6138307878318937
7,20,0.5984913793103448,0.15,0.7584220165820292,0.6956469882576644
7,50,0.5230172413793103,0.12,0.6601017842291106,0.6461404149667855
7,100,0.5150862068965518,0.12,0.6255420491280982,0.6122574652491513
7,300,0.4812068965517241,0.08666666666666667,0.6088142602028448,0.6086481443206877
7,465,0.49273266592510195,0.0617921146953405,0.6051766882855764,0.6057051451236051
8,20,0.5782327586206898,0.2,0.7324025849777099,0.6883046244794734
8,50,0.49637931034482763,0.06,0.6633343634064087,0.6618543246073187
8,100,0.5393534482758621,0.07,0.6430523308678724,0.6275239604015759
8,300,0.47538793103448274,0.065,0.6109430318969812,0.6125810052936037
8,465,0.482044864664442,0.08387096774193549,0.6011553161149991,0.6021129644754099
9,20,0.5827586206896551,0.2,0.7530997626814597,0.7163430777475925
9,50,0.4803448275862069,0.08,0.6768741435303371,0.684762727391994
9,100,0.4934051724137931,0.083,0.6494856102692705,0.646425501910209
9,300,0.4916954022988506,0.09333333333333334,0.6208805553981879,0.6197036644878747
9,465,0.4852614015572858,0.06451612903225806,0.6007498803123007,0.5999369228706276
10,20,0.484051724137931,0.1,0.7333884524376842,0.7424792759366925
10,50,0.5521551724137931,0.12,0.6992967956839143,0.6681922428920157
10,100,0.47051724137931034,0.11,0.6326405622347516,0.6368837102864073
10,300,0.4690086206896552,0.06333333333333334,0.6009571592815242,0.6076927806946482
10,465,0.5008342602892102,0.08602150537634409,0.6129586774675763,0.6034695452762431
11,20,0.6237068965517241,0.25,0.771868352140602,0.7162508004299404
11,50,0.5504310344827585,0.166,0.6850975289361253,0.6567111436362967
11,100,0.4986637931034482,0.06,0.6306743867198,0.6303951896107552
11,300,0.47919540229885055,0.05333333333333334,0.6011630849890393,0.60373106967774
11,465,0.47715053763440857,0.08387096774193549,0.6106861871581359,0.6166968724701971
12,20,0.5538793103448276,0.05,0.7591626976912205,0.7104764110600039
12,50,0.5174137931034483,0.08,0.6599780161465596,0.6452828404217247
12,100,0.5007327586206896,0.08,0.6319091288868945,0.6287880572799326
12,300,0.46257183908045973,0.06333333333333334,0.6106793584618992,0.6170505300828428
12,465,0.4809139784946237,0.05591397849462366,0.6109998762811573,0.6162101164552113
13,20,0.5403017241379311,0.1,0.7402047573851448,0.7184665969487773
13,50,0.44706896551724135,0.02,0.6584429096467009,0.6709638106259427
13,100,0.49237068965517233,0.05,0.6386603094869028,0.6340793650539309
13,300,0.4890229885057471,0.06666666666666667,0.598453518348146,0.5967809214687182
13,465,0.4943919169447535,0.08731182795698925,0.6196453716328655,0.6179193610353062
14,20,0.49224137931034484,0.1,0.7106283102551966,0.6957795855158647
14,50,0.47379310344827585,0.14,0.6812765177071909,0.682423529976677
14,100,0.5134051724137931,0.10600000000000001,0.6397807497991537,0.6286847131373963
14,300,0.4774568965517242,0.08,0.6076548807712144,0.6103694026510322
14,465,0.4673248053392658,0.07311827956989247,0.6088595589783816,0.6118622635232936
15,20,0.5379310344827586,0.25,0.7114819446666958,0.6916155811625951
15,50,0.4783620689655173,0.14,0.675122708316175,0.68462256072959
15,100,0.4388793103448276,0.05,0.6190475817831123,0.6385603169438098
15,300,0.47422413793103446,0.08399999999999999,0.6114041978815397,0.6125266173231388
15,465,0.46870596959584715,0.08817204301075268,0.6207995025282965,0.6241706800183746
16,20,0.49224137931034484,0.15,0.7723521950920914,0.7592343553930617
16,50,0.5249137931034482,0.12,0.6751511177191262,0.6636279927965122
16,100,0.5235344827586207,0.09,0.6469030848280591,0.6333843666388513
16,300,0.47354885057471263,0.08333333333333333,0.6044938453882992,0.6083893479034801
16,465,0.46937337782721544,0.08387096774193549,0.6063566320995067,0.6096273717155426
17,20,0.521551724137931,0.05,0.755118942002938,0.7471786624962496
17,50,0.5097413793103449,0.12,0.6485083503778555,0.6357855678567301
17,100,0.470948275862069,0.07,0.6269337155111456,0.6286911920400278
17,300,0.4463793103448276,0.08822222222222222,0.6035584125441095,0.6139923609481268
17,465,0.47877271041898406,0.07978494623655914,0.6078398616432596,0.610267480210976
18,20,0.5553879310344827,0.05,0.7967118919043751,0.7492743086706273
18,50,0.548448275862069,0.07600000000000001,0.677386924360436,0.6405164397942571
18,100,0.4987931034482758,0.023000000000000007,0.6347754008957965,0.6385928385551591
18,300,0.4788362068965517,0.08333333333333333,0.6183646467027903,0.618076473745644
18,465,0.4900259547645532,0.09161290322580645,0.6056601481469924,0.6004946876940745
19,20,0.5586206896551724,0.15,0.7383507443830915,0.702880525658006
19,50,0.5116379310344827,0.12,0.653291032212304,0.6383861740892671
19,100,0.4793103448275862,0.08,0.620145028867228,0.6171652876369621
19,300,0.485,0.07766666666666666,0.6022549995981323,0.5985238180404724
19,465,0.45366147571375603,0.0664516129032258,0.613286911847016,0.6213559210239763
