tid,n_points,n_reps,S_rate
2,1734,158,0.908881199538639
3,848,82,0.9033018867924528
6,531,61,0.8851224105461394
10,531,61,0.8851224105461394
12,667,58,0.9130434782608696
13,523,45,0.9139579349904398
14,612,4,0.9934640522875817
15,3205,151,0.9528861154446178
16,1345,17,0.9873605947955391
17,505,18,0.9643564356435643
19,1077,6,0.9944289693593314
22,1780,133,0.9252808988764045
23,612,4,0.9934640522875817
24,3205,151,0.9528861154446178
25,523,45,0.9139579349904398
27,2347,140,0.9403493821900298
28,94,18,0.8085106382978724
30,317,8,0.9747634069400631
31,166,17,0.8975903614457832
33,189,25,0.8677248677248677
34,153,7,0.954248366013072
35,144,6,0.9583333333333334
36,174,2,0.9885057471264368
37,739,32,0.9566982408660352
38,396,19,0.952020202020202
39,936,35,0.9626068376068376
40,197,8,0.9593908629441624
41,216,6,0.9722222222222222
42,306,16,0.9477124183006536
43,151,10,0.9337748344370861
44,72,6,0.9166666666666666
45,106,5,0.9528301886792453
46,234,8,0.9658119658119658
47,961,43,0.9552549427679501
48,41,2,0.9512195121951219
49,75,8,0.8933333333333333
50,114,7,0.9385964912280702
51,908,45,0.9504405286343612
52,150,5,0.9666666666666667
53,111,5,0.954954954954955
55,93,27,0.7096774193548387
58,41,13,0.6829268292682926
59,1815,60,0.9669421487603306
60,4118,22,0.9946576007770762
61,169,4,0.9763313609467456
62,141,4,0.9716312056737588
63,11589,273,0.9764431788765209
65,476,97,0.796218487394958
68,5234,62,0.9881543752388231
71,227,40,0.8237885462555066
73,227,40,0.8237885462555066
74,227,40,0.8237885462555066
77,548,30,0.9452554744525548
78,83,2,0.9759036144578314
80,556,161,0.710431654676259
90,465,54,0.8838709677419355
91,587,33,0.9437819420783645
107,202,20,0.900990099009901
108,1663,9,0.994588093806374
109,2651,72,0.972840437570728
112,428,140,0.6728971962616823
113,428,140,0.6728971962616823
114,428,140,0.6728971962616823
115,428,140,0.6728971962616823
118,428,140,0.6728971962616823
119,428,140,0.6728971962616823
120,428,140,0.6728971962616823
121,428,140,0.6728971962616823
122,428,140,0.6728971962616823
144,639,141,0.7793427230046949
145,639,141,0.7793427230046949
146,639,141,0.7793427230046949
147,637,141,0.7786499215070644
148,407,110,0.7297297297297297
149,407,110,0.7297297297297297
150,407,110,0.7297297297297297
151,212,51,0.7594339622641509
162,443,83,0.8126410835214447
172,929,155,0.8331539289558665
174,3873,60,0.9845081332300543
175,555,31,0.9441441441441442
176,1250,109,0.9128000000000001
177,1093,95,0.9130832570905764
178,1002,38,0.9620758483033932
179,1010,41,0.9594059405940594
183,297,49,0.835016835016835
184,2420,63,0.9739669421487603
186,2784,94,0.9662356321839081
232,135,55,0.5925925925925926
233,3016,9,0.9970159151193634
234,1244,88,0.9292604501607717
235,1959,44,0.9775395610005104
236,24,15,0.375
244,1104,92,0.9166666666666666
245,925,81,0.9124324324324324
246,3009,107,0.964440013293453
247,1237,11,0.9911075181891673
248,1237,11,0.9911075181891673
249,551,9,0.9836660617059891
251,940,16,0.9829787234042553
252,860,10,0.9883720930232558
253,4389,58,0.9867851446798815
254,766,15,0.9804177545691906
255,8966,87,0.9902966763328128
256,3415,67,0.9803806734992679
257,611,7,0.9885433715220949
258,927,59,0.9363538295577131
259,828,59,0.928743961352657
260,900,57,0.9366666666666666
261,860,57,0.9337209302325582
262,900,57,0.9366666666666666
263,834,53,0.9364508393285371
264,1016,54,0.9468503937007874
265,987,55,0.9442755825734549
266,1073,55,0.9487418452935694
267,919,54,0.941240478781284
268,929,54,0.9418729817007535
269,874,53,0.9393592677345538
270,955,54,0.9434554973821989
271,958,53,0.9446764091858038
272,933,52,0.9442658092175777
273,863,55,0.936268829663963
274,928,55,0.9407327586206896
275,916,54,0.9410480349344978
276,944,52,0.9449152542372882
277,954,53,0.9444444444444444
278,764,33,0.9568062827225131
279,838,54,0.9355608591885441
280,944,58,0.9385593220338984
281,935,54,0.9422459893048128
282,862,57,0.9338747099767981
284,124,58,0.532258064516129
285,22922,532,0.9767908559462525
288,2175,81,0.9627586206896552
289,762,26,0.9658792650918635
290,1543,52,0.966299416720674
291,909,41,0.9548954895489549
292,216,7,0.9675925925925926
293,897,74,0.9175027870680045
296,513,117,0.7719298245614035
297,62,19,0.6935483870967742
298,459,185,0.5969498910675382
300,26184,262,0.9899938893981057
301,942,35,0.9628450106157113
303,4808,21,0.9956322795341098
304,6338,33,0.9947933101924897
305,6081,34,0.9944088143397467
306,4561,32,0.992983994737996
307,9992,44,0.9955964771817454
308,3407,28,0.9917816260639859
309,6982,43,0.993841306215984
310,844,51,0.9395734597156398
311,1766,38,0.9784824462061155
312,3021,69,0.9771598808341608
313,1924,41,0.9786902286902287
314,805,36,0.9552795031055901
315,2015,26,0.9870967741935484
316,1540,11,0.9928571428571429
318,1582,30,0.9810366624525917
321,2279,32,0.9859587538394032
322,1538,25,0.9837451235370611
323,760,43,0.9434210526315789
324,1229,69,0.9438567941415785
325,9488,67,0.9929384485666105
326,5946,69,0.9883955600403632
327,28190,100,0.9964526427811281
328,15579,102,0.9934527248218756
329,7711,5,0.9993515756711192
330,1057,3,0.9971617786187322
332,11780,119,0.9898981324278439
333,11323,127,0.9887838911949131
334,14503,54,0.9962766324208785
335,9966,68,0.993176801123821
338,97,45,0.5360824742268041
343,426,74,0.8262910798122065
346,1760,2,0.9988636363636364
348,5066,125,0.9753257007500987
349,2895,95,0.9671848013816926
350,425,114,0.7317647058823529
352,711,39,0.9451476793248945
354,3133,115,0.9632939674433451
355,2503,76,0.9696364362764682
356,1822,139,0.9237102085620198
357,509,26,0.9489194499017681
359,921,50,0.9457111834961998
361,1398,70,0.949928469241774
362,8248,241,0.9707807953443259
363,30521,211,0.9930867271714557
364,2298,68,0.9704090513489991
367,487,24,0.9507186858316222
368,6495,58,0.9910700538876058
369,2785,229,0.9177737881508079
372,1367,68,0.950256035113387
373,9253,239,0.9741705392845563
374,7542,188,0.9750729249535932
375,1416,55,0.9611581920903954
376,3495,76,0.9782546494992846
377,1358,41,0.9698085419734904
379,11256,87,0.9922707889125799
381,1314,32,0.9756468797564688
387,1807,39,0.9784172661870504
388,1617,61,0.9622758194186766
389,17967,170,0.9905382089386097
391,2745,68,0.9752276867030966
392,2067,12,0.9941944847605225
397,1156,62,0.9463667820069204
398,925,27,0.9708108108108108
400,760,81,0.8934210526315789
401,858,18,0.9790209790209791
402,1542,56,0.9636835278858625
404,254,7,0.9724409448818898
405,1075,60,0.9441860465116279
406,1693,145,0.9143532191376256
408,849,26,0.9693757361601885
409,844,83,0.9016587677725119
410,953,25,0.9737670514165793
411,434,18,0.9585253456221198
412,1016,26,0.9744094488188977
413,626,58,0.9073482428115016
414,59,1,0.9830508474576272
415,363,34,0.9063360881542699
416,363,34,0.9063360881542699
420,558,105,0.8118279569892473
426,5145,154,0.9700680272108844
427,325,59,0.8184615384615385
428,107,42,0.6074766355140186
429,2075,258,0.8756626506024097
430,1773,169,0.9046813310772701
431,764,96,0.8743455497382199
433,60,45,0.25
434,1513,40,0.9735624586913417
436,2139,21,0.9901823281907434
437,1305,20,0.9846743295019157
438,1843,20,0.989148128052089
439,2847,27,0.9905163329820864
440,3946,33,0.991637100861632
441,4038,32,0.9920752847944527
442,4187,34,0.9918796274181992
443,3253,28,0.9913925607131878
444,3672,32,0.9912854030501089
445,3548,34,0.9904171364148816
446,3734,33,0.9911622924477772
447,3475,33,0.9905035971223022
448,492,47,0.9044715447154471
449,1130,20,0.9823008849557522
450,1278,49,0.9616588419405321
451,778,16,0.9794344473007712
452,968,27,0.9721074380165289
453,6898,38,0.99449115685706
454,5447,35,0.9935744446484304
456,836,40,0.9521531100478469
457,204,13,0.9362745098039216
460,238,132,0.4453781512605042
461,1357,39,0.9712601326455417
462,2169,132,0.9391424619640387
463,2173,62,0.9714680165669581
464,302,86,0.7152317880794702
465,59068,150,0.9974605539378344
466,680,178,0.7382352941176471
468,879,91,0.8964732650739476
469,867,94,0.8915801614763552
470,190,44,0.7684210526315789
471,1059,44,0.9584513692162417
472,1542,59,0.9617380025940337
473,493,23,0.9533468559837728
477,216,17,0.9212962962962963
480,1890,98,0.9481481481481482
482,597,30,0.949748743718593
484,207,7,0.966183574879227
485,1864,16,0.9914163090128756
486,819,76,0.9072039072039072
488,205,47,0.7707317073170732
489,345,45,0.8695652173913043
491,122,61,0.5
492,54,27,0.5
493,3804,124,0.9674027339642481
494,895,38,0.9575418994413408
495,147,83,0.435374149659864
496,769,79,0.8972691807542262
497,2554,41,0.9839467501957714
498,1202,72,0.940099833610649
499,1398,22,0.9842632331902719
500,404,10,0.9752475247524752
501,253,23,0.9090909090909091
503,174,7,0.9597701149425287
504,160,8,0.95
506,164,6,0.9634146341463414
507,249,13,0.9477911646586346
508,199,11,0.9447236180904522
511,84,23,0.7261904761904762
515,154,4,0.974025974025974
516,123,2,0.983739837398374
517,72,2,0.9722222222222222
518,552,118,0.786231884057971
519,1562,229,0.853393085787452
520,1529,144,0.9058207979071289
521,1846,196,0.8938244853737811
522,5060,23,0.9954545454545455
523,441,69,0.8435374149659864
524,96,67,0.30208333333333337
525,30,2,0.9333333333333333
526,2708,148,0.9453471196454948
527,1302,103,0.9208909370199693
529,222,53,0.7612612612612613
530,135,42,0.6888888888888889
536,818,18,0.9779951100244498
537,2267,7,0.9969122187913542
538,672,6,0.9910714285714286
539,2296,24,0.9895470383275261
540,1362,13,0.9904552129221733
541,571,62,0.8914185639229422
542,980,57,0.9418367346938775
543,1864,94,0.9495708154506438
544,738,55,0.9254742547425474
545,289,14,0.9515570934256056
546,1238,183,0.8521809369951534
547,334,79,0.7634730538922155
548,176,8,0.9545454545454546
549,66,6,0.9090909090909091
550,2277,118,0.9481774264382961
551,219,31,0.8584474885844748
552,219,31,0.8584474885844748
554,219,28,0.8721461187214612
555,219,31,0.8584474885844748
556,219,31,0.8584474885844748
557,118,30,0.7457627118644068
558,169,32,0.8106508875739645
559,93,36,0.6129032258064516
560,219,31,0.8584474885844748
564,648,6,0.9907407407407407
568,968,52,0.9462809917355371
569,5374,13,0.9975809452921474
570,6176,71,0.9885038860103627
571,6420,22,0.9965732087227415
572,3521,13,0.996307867083215
573,4323,22,0.9949109414758269
574,3580,14,0.9960893854748604
579,702,114,0.8376068376068376
611,229,42,0.8165938864628821
615,171,41,0.760233918128655
618,157,6,0.9617834394904459
626,2201,134,0.939118582462517
632,5996,33,0.9944963308872582
636,5896,44,0.9925373134328358
640,5736,11,0.9980822873082287
642,5995,49,0.9918265221017515
644,4474,55,0.9877067501117568
647,4626,28,0.9939472546476438
648,4986,4,0.9991977537103891
649,5812,12,0.9979353062629044
677,1261,99,0.9214908802537669
678,158,18,0.8860759493670887
679,158,18,0.8860759493670887
680,158,18,0.8860759493670887
681,158,18,0.8860759493670887
682,158,18,0.8860759493670887
683,158,18,0.8860759493670887
684,158,18,0.8860759493670887
685,3070,29,0.9905537459283388
688,12397,28,0.9977413890457368
689,6466,33,0.9948963810702134
701,656,33,0.9496951219512195
702,609,83,0.8637110016420362
703,3011,172,0.9428761208900698
706,1315,72,0.9452471482889734
707,1997,52,0.9739609414121182
708,317,9,0.9716088328075709
709,1305,74,0.9432950191570881
710,985,34,0.965482233502538
711,1662,39,0.9765342960288809
713,1305,74,0.9432950191570881
714,523,157,0.6998087954110899
715,7905,64,0.9919038583175206
716,3851,227,0.9410542716177617
717,1028,32,0.9688715953307393
719,957,13,0.9864158829676071
720,3393,62,0.981727085175361
721,1613,30,0.981401115933044
724,60,26,0.5666666666666667
725,1082,26,0.9759704251386322
727,822,31,0.962287104622871
728,916,24,0.9737991266375546
729,1476,51,0.9654471544715447
730,9351,158,0.9831034113998502
731,7888,119,0.9849137931034483
732,2693,27,0.9899740066839955
735,126,10,0.9206349206349207
738,607,84,0.8616144975288303
739,903,138,0.8471760797342193
741,3115,9,0.9971107544141252
742,10237,8,0.9992185210510892
743,7272,4,0.9994499449944995
744,2835,95,0.9664902998236331
745,2142,79,0.9631185807656396
747,337,10,0.9703264094955489
748,409,81,0.8019559902200489
750,27,6,0.7777777777777778
751,495,47,0.9050505050505051
753,1760,71,0.959659090909091
756,945,97,0.8973544973544973
757,720,20,0.9722222222222222
758,166,19,0.8855421686746988
759,25100,115,0.995418326693227
760,822,26,0.9683698296836983
761,6617,233,0.9647876681275502
762,732,3,0.9959016393442623
763,651,5,0.9923195084485407
764,265,48,0.8188679245283019
765,442,67,0.8484162895927602
766,3131,214,0.931651229639093
767,8448,148,0.9824810606060606
768,278,85,0.6942446043165468
769,2297,79,0.9656073138876796
771,26,13,0.5
772,354,26,0.9265536723163842
774,47,21,0.5531914893617021
775,409,14,0.9657701711491442
776,1151,8,0.9930495221546481
777,789,26,0.9670468948035488
778,2223,48,0.9784075573549258
779,136,59,0.5661764705882353
780,1395,38,0.9727598566308244
781,506,32,0.9367588932806324
782,380,19,0.95
783,366,18,0.9508196721311475
784,3322,46,0.9861529199277543
788,338,1,0.9970414201183432
794,178,35,0.8033707865168539
795,113,18,0.8407079646017699
797,449,22,0.9510022271714922
798,227,32,0.8590308370044053
802,174,4,0.9770114942528736
803,95,2,0.9789473684210527
804,1647,55,0.9666059502125076
805,2519,67,0.9734021437078205
806,1259,41,0.9674344718030182
808,1847,82,0.9556036816459123
809,882,9,0.9897959183673469
810,2229,16,0.9928218932256617
811,828,12,0.9855072463768116
813,11844,43,0.9963694697737251
815,12460,292,0.9765650080256821
816,16770,553,0.9670244484197973
817,401,95,0.7630922693266833
818,3001,91,0.9696767744085305
821,10862,77,0.992911066102007
822,5338,47,0.9911952041963282
823,4525,38,0.9916022099447513
824,617,118,0.8087520259319287
825,186,19,0.8978494623655914
826,509,22,0.9567779960707269
827,516,35,0.9321705426356589
828,249,34,0.8634538152610441
829,4006,22,0.9945082376435347
830,6630,37,0.9944193061840121
831,11085,292,0.9736580965268381
835,175,11,0.9371428571428572
839,5873,26,0.9955729610080027
841,5909,52,0.9911998646133018
845,5944,28,0.9952893674293405
861,5946,26,0.9956273124789775
880,5808,33,0.9943181818181818
882,5929,18,0.9969640748861528
883,5969,25,0.9958116937510471
885,5975,64,0.9892887029288703
889,5999,69,0.9884980830138357
893,5730,41,0.9928446771378708
895,5990,35,0.9941569282136895
896,5958,20,0.9966431688486069
905,5725,30,0.994759825327511
907,6000,58,0.9903333333333333
909,5880,23,0.9960884353741497
910,5976,34,0.9943105756358769
911,5945,28,0.9952901597981497
924,5962,33,0.9944649446494465
925,6000,61,0.9898333333333333
926,5998,55,0.9908302767589197
932,6000,29,0.9951666666666666
937,5990,34,0.9943238731218698
940,5989,19,0.9968275171147103
961,5997,48,0.9919959979989995
962,5950,53,0.9910924369747899
966,5982,53,0.991140086927449
971,5830,58,0.9900514579759863
980,5917,18,0.9969579178637823
982,5925,37,0.9937552742616034
992,5912,53,0.9910351826792964
995,6000,69,0.9885
999,5884,27,0.9954112848402448
1003,5920,49,0.991722972972973
1004,5868,30,0.9948875255623721
1008,5849,46,0.9921354077620106
1017,5948,60,0.9899125756556826
1022,5602,17,0.996965369510889
1025,5676,22,0.9961240310077519
1026,5954,50,0.9916022841787034
1034,5951,36,0.9939505965383969
1037,5485,2,0.9996353691886964
1042,5731,30,0.9947653114639678
1048,5755,15,0.9973935708079931
1053,5943,15,0.9974760222110045
1054,5951,28,0.9952949084187531
1055,5748,30,0.9947807933194155
1056,5988,57,0.9904809619238477
1060,5978,50,0.9916359986617598
1061,5778,50,0.9913464866735895
1070,5942,27,0.9954560753954897
1074,5990,29,0.9951585976627713
1089,484,93,0.8078512396694215
1090,1243,71,0.9428801287208367
1091,578,28,0.9515570934256056
1092,131,57,0.5648854961832062
1093,1318,108,0.9180576631259484
1094,3120,84,0.9730769230769231
1095,2746,82,0.9701383831026948
1096,1989,123,0.9381598793363499
1097,560,53,0.9053571428571429
1098,1356,79,0.9417404129793511
1099,222,16,0.9279279279279279
1101,223,13,0.9417040358744395
1103,840,75,0.9107142857142857
1106,538,36,0.9330855018587361
1107,305,32,0.8950819672131147
1108,221,13,0.9411764705882353
1109,1940,227,0.8829896907216495
1110,902,51,0.9434589800443459
1111,576,17,0.9704861111111112
1112,578,24,0.9584775086505191
1113,1101,58,0.9473206176203451
1114,369,18,0.9512195121951219
1115,1608,86,0.9465174129353234
1116,67,25,0.6268656716417911
1117,1360,49,0.9639705882352941
1118,360,94,0.7388888888888889
1120,622,127,0.7958199356913183
1121,473,127,0.7315010570824525
1123,422,177,0.580568720379147
1124,32806,101,0.996921294885082
1125,44055,254,0.994234479627738
1126,657,80,0.878234398782344
1127,1490,36,0.9758389261744966
1128,825,49,0.9406060606060606
1129,1788,17,0.9904921700223713
1131,7122,103,0.9855377702892446
1132,876,4,0.995433789954338
1135,1862,82,0.9559613319011815
1137,2144,20,0.9906716417910448
1138,1101,11,0.9900090826521344
1139,897,4,0.9955406911928651
1140,2009,92,0.9542060726729716
1141,773,4,0.9948253557567918
1142,1011,4,0.9960435212660732
1143,8381,38,0.9954659348526429
1144,6004,24,0.9960026648900733
1145,1329,86,0.9352896914973664
1146,777,22,0.9716859716859717
1147,302,26,0.9139072847682119
1148,1063,97,0.9087488240827846
1150,1907,47,0.9753539590980598
1151,1907,47,0.9753539590980598
1152,391,85,0.782608695652174
1153,264,145,0.4507575757575758
1156,58,15,0.7413793103448276
1157,795,82,0.8968553459119497
1158,622,29,0.9533762057877814
1161,533,16,0.9699812382739212
1162,449,13,0.9710467706013363
1164,528,41,0.9223484848484849
1165,1549,95,0.9386701097482246
1167,356,23,0.9353932584269663
1170,405,30,0.9259259259259259
1171,426,28,0.9342723004694835
1174,293,18,0.9385665529010239
1177,5064,70,0.9861769352290679
1178,8909,48,0.9946121899203053
1179,1011,46,0.9545004945598418
1180,1011,46,0.9545004945598418
1181,681,3,0.9955947136563876
1182,14269,71,0.9950241782885977
1183,14269,71,0.9950241782885977
1184,702,40,0.9430199430199431
