rep,N,DCR_mean,DCR_p05,DCR_min,exact_copies_among_query,n_query,baseline_DCR_mean,baseline_DCR_p05
0,200,0.22566871931407426,0.017826354679803005,0.0,0,400,0.13217176487157778,0.01562581316679684
0,1000,0.19434894951082213,0.017826354679803005,0.0,0,400,0.13217176487157778,0.01562581316679684
0,5000,0.15676958235148794,0.016268214936247746,0.0,0,400,0.13217176487157778,0.01562581316679684
0,10000,0.14227672681612705,0.010381270226537183,0.0,0,400,0.13217176487157778,0.01562581316679684
0,13370,0.13615417665787966,0.010381270226537183,0.0,0,400,0.13217176487157778,0.01562581316679684
1,200,0.24271613762056915,0.048722415795586574,0.01754385964912286,0,400,0.13217176487157778,0.01562581316679684
1,1000,0.1950126656640538,0.03072330654420207,0.005319148936170248,0,400,0.13217176487157778,0.01562581316679684
1,5000,0.16500331447172228,0.023428415697674423,0.0,0,400,0.13217176487157778,0.01562581316679684
1,10000,0.1492160215009577,0.011271645021645016,0.0,0,400,0.13217176487157778,0.01562581316679684
1,13370,0.1460332712388291,0.00936548995739501,0.0,0,400,0.13217176487157778,0.01562581316679684
2,200,0.2647974806394573,0.08054548749546941,0.03111111111111109,0,400,0.13217176487157778,0.01562581316679684
2,1000,0.20807769217881045,0.039045634649542284,0.0,0,400,0.13217176487157778,0.01562581316679684
2,5000,0.1710942670186701,0.023809523809523836,0.0,0,400,0.13217176487157778,0.01562581316679684
2,10000,0.14926507324517843,0.018485449735449713,0.0,0,400,0.13217176487157778,0.01562581316679684
2,13370,0.14553373711118595,0.0158485958485959,0.0,0,400,0.13217176487157778,0.01562581316679684
3,200,0.2844871290300243,0.11965347454477891,0.05102040816326525,0,400,0.13217176487157778,0.01562581316679684
3,1000,0.21029745667326863,0.0454206241519674,0.0117647058823529,0,400,0.13217176487157778,0.01562581316679684
3,5000,0.1717269046321966,0.0302804161013116,0.0,0,400,0.13217176487157778,0.01562581316679684
3,10000,0.14967690917074886,0.014265873015872966,0.0,0,400,0.13217176487157778,0.01562581316679684
3,13370,0.1462431858157515,0.014265873015872966,0.0,0,400,0.13217176487157778,0.01562581316679684
4,200,0.26537885173013653,0.057664835164835185,0.011627906976744207,0,400,0.13217176487157778,0.01562581316679684
4,1000,0.20204063169891165,0.030445269016697626,0.0,0,400,0.13217176487157778,0.01562581316679684
4,5000,0.17186719888090315,0.019961538461538482,0.0,0,400,0.13217176487157778,0.01562581316679684
4,10000,0.15951248591679149,0.019212626995645906,0.0,0,400,0.13217176487157778,0.01562581316679684
4,13370,0.15442482686952771,0.018454661558109813,0.0,0,400,0.13217176487157778,0.01562581316679684
