rep,level,category,synth_JSD,synth_r,floor_JSD,floor_r
0,category,bus,0.029897255965677758,0.8444169054791728,0.04004041074784229,0.7976029834432228
0,category,accomodation,0.032446216790023505,0.8624178006448026,0.029466215309884605,0.8733928701123234
0,category,facilities,0.03583076798473962,0.8899090428773384,0.03270047131781613,0.9077769335986894
0,category,train,0.04053817564786679,0.7370795783127231,0.07454694850522992,0.6477847726553068
0,category,natural,0.07531520394658574,0.8293757417019466,0.05806213680931906,0.8617362988258114
0,category,residential,0.07980314683615539,0.8015795909295018,0.10722589470554736,0.7105664093793906
0,category,outdoors_and_sport_vehicles,0.07383796085508125,0.7361554631793157,0.11458771044107716,0.6677784120303133
0,weighted,visit-weighted mean,0.03799302180370609,0.8394080362289341,0.044696784474782,0.815810548289665
0,flattened,flattened (category x hour),0.040501695544023025,0.9177329765856569,0.04623250942669002,0.8934036762927473
1,category,bus,0.028050910936126817,0.8172717650581666,0.04452233068464753,0.8129601027109519
1,category,accomodation,0.04426592111488423,0.8166281704005972,0.019321785984982527,0.9400782651775872
1,category,facilities,0.02685915862303294,0.9063347795686445,0.024372121522811166,0.927074784234612
1,category,train,0.051678513831821246,0.6543137698301209,0.07596427572776275,0.6653849621881559
1,category,natural,0.05883564348313119,0.8587290615555239,0.04830154865163861,0.86729053002844
1,category,residential,0.11663885223100466,0.5772736294464573,0.09311135822854165,0.7636266061049992
1,category,outdoors_and_sport_vehicles,0.04617919019493332,0.8490015987793474,0.1759377245907821,0.3797453595374564
1,weighted,visit-weighted mean,0.03865456147064674,0.8123598876407119,0.043442415093202826,0.8364905272359564
1,flattened,flattened (category x hour),0.04082189806168568,0.9035919245612923,0.045297412758859866,0.9100360603731796
2,category,bus,0.03488018846343788,0.8482065501301131,0.040224099587856575,0.8096335257146775
2,category,accomodation,0.04317916297794716,0.7884970894416917,0.031706828805986034,0.9124015481156781
2,category,facilities,0.03996025892040264,0.8104112075713448,0.03738677411888092,0.9154589962174667
2,category,train,0.032786551007176354,0.8343904734794405,0.05122145871277567,0.7201594134885948
2,category,natural,0.07983639040739415,0.7739111584728955,0.04171671947161122,0.8325952791269459
2,category,residential,0.07935504015356058,0.7913001503864152,0.07127724695114654,0.8186577828043241
2,category,outdoors_and_sport_vehicles,0.07901589387821442,0.7362027863253138,0.10791607375316115,0.5987070534664928
2,weighted,visit-weighted mean,0.04264933270019857,0.817719443872791,0.04139279679632985,0.8368139836718326
2,flattened,flattened (category x hour),0.04547544631427533,0.9079111140339765,0.042460835481628406,0.9070185546902904
3,category,bus,0.02155659337607158,0.8976939364506814,0.037031583155347006,0.7875497175495682
3,category,accomodation,0.027874827827923762,0.8920170632785448,0.026465151945428436,0.9108042131502863
3,category,facilities,0.036343523175712,0.8821332939139851,0.03226203680489989,0.8807332225199903
3,category,train,0.032036351143128534,0.8294379761718763,0.05547756692893739,0.7504323522427097
3,category,natural,0.06933537702446926,0.8701041099239353,0.0711145939218294,0.7462164622019309
3,category,residential,0.05924459017728179,0.819958122167762,0.11384422593100609,0.6640684974818234
3,category,outdoors_and_sport_vehicles,0.0975115030805557,0.6617338347827539,0.1310359034597928,0.49772081618609365
3,weighted,visit-weighted mean,0.03258794532229361,0.8772347008991435,0.04220645816282785,0.813808828328165
3,flattened,flattened (category x hour),0.0353234563106019,0.9392274904474629,0.04391122245174057,0.8961841714432349
4,category,bus,0.026555958543035184,0.8492980462197198,0.061447673862285085,0.7243776076496974
4,category,accomodation,0.04509383811998324,0.7671175355345606,0.03582458745992518,0.8533806556457824
4,category,facilities,0.05547069645694415,0.737946915097614,0.025760988003141118,0.9296373241739374
4,category,train,0.02924451708492188,0.8842072455715135,0.04974238568566642,0.7679275851010972
4,category,natural,0.07486217748128307,0.7457479024086219,0.037198996415975946,0.8595248538861868
4,category,residential,0.08275361722323273,0.6891594270121146,0.07070818215887947,0.8310791173752103
4,category,outdoors_and_sport_vehicles,0.10605523074300208,0.642781190354097,0.06226308080552792,0.7876524829117585
4,weighted,visit-weighted mean,0.042250595215003385,0.8009362178212867,0.04714070735643399,0.804405568535908
4,flattened,flattened (category x hour),0.04494478539210503,0.8990418475368422,0.04838675899912369,0.872304272404057
5,category,bus,0.0177785897687115,0.8665216126397542,0.05039357792600299,0.7837399548304205
5,category,accomodation,0.02102961993449,0.9149787669171017,0.030255501723225095,0.9074647595754833
5,category,facilities,0.025101025177414176,0.9321691664827619,0.03836378599184617,0.8686796415522062
5,category,train,0.045008268678366076,0.71097225048114,0.0886886958689919,0.620402274580249
5,category,natural,0.07734806056030549,0.7589373126480363,0.049480871366384904,0.8180252571824911
5,category,residential,0.08237121142318517,0.728053251532986,0.10479911019869971,0.7297961920868836
5,category,outdoors_and_sport_vehicles,0.056840413585058466,0.8226361354997133,0.1277776613517889,0.6060857789444668
5,weighted,visit-weighted mean,0.029272476566065832,0.8592299893366505,0.05093944437139586,0.8048814595824358
5,flattened,flattened (category x hour),0.031907726919601385,0.9292004966838509,0.05148361018534186,0.8890289401193326
6,category,bus,0.02075053696579757,0.8662723163664345,0.054325438597686265,0.692651328664893
6,category,accomodation,0.02774981267773332,0.8841920042161076,0.02773192182603243,0.8862373464699512
6,category,facilities,0.01761151012008005,0.9552754812429715,0.024823207087947705,0.9178298568542793
6,category,train,0.03815521706056754,0.7662198744474645,0.054551340563378514,0.8647725847008676
6,category,natural,0.052708253153416706,0.850011037338766,0.05341133446075017,0.8045331897733962
6,category,residential,0.04382712892782273,0.8666673678322611,0.14161509998870292,0.5857708940857915
6,category,outdoors_and_sport_vehicles,0.05405697749993567,0.8655346953715415,0.1317204169161534,0.45446287860397927
6,weighted,visit-weighted mean,0.027397849284875406,0.8721938173274049,0.04720518422246354,0.7912256535515895
6,flattened,flattened (category x hour),0.030236593872893062,0.9291972358664036,0.04822161085149558,0.8675437561421374
7,category,bus,0.022761003030067065,0.8622453983225932,0.033322501784773646,0.8771729675173148
7,category,accomodation,0.047985589481878005,0.814745923617453,0.027825776998801066,0.8656169625335264
7,category,facilities,0.0350449742696694,0.9166675688570568,0.03033112254505062,0.9002994381857976
7,category,train,0.036820386569545005,0.7605448835801757,0.035205374302166935,0.89053789947884
7,category,natural,0.07850261360067648,0.7818101552724661,0.07031266208107209,0.7936905836096154
7,category,residential,0.0743824123960945,0.7463120048290401,0.11452709925824858,0.6264306656424509
7,category,outdoors_and_sport_vehicles,0.07216220741195775,0.7530730573366223,0.10531936869882118,0.64816833987638
7,weighted,visit-weighted mean,0.03836591825669249,0.8378274449704639,0.03791568145871311,0.8627748817860282
7,flattened,flattened (category x hour),0.04009160382747172,0.9187227964307483,0.03935209682415233,0.9243912904631892
8,category,bus,0.027816465445195393,0.8194422259556872,0.08447759939386823,0.6127092348333167
8,category,accomodation,0.027499319429614068,0.880649928093478,0.03046325184624798,0.9228870484400866
8,category,facilities,0.02718400646731512,0.9136606631408083,0.03664668529782075,0.8870250468598084
8,category,train,0.03398302855679543,0.8073615400039589,0.05031981615840598,0.8301355310242968
8,category,natural,0.06882858089003563,0.8262888756090231,0.062364842471346466,0.8080792103452182
8,category,residential,0.06896765178973716,0.8645184042365184,0.12566821363870884,0.6183191334118222
8,category,outdoors_and_sport_vehicles,0.07667398325859318,0.7109426927804553,0.11811432940581017,0.6252658377325734
8,weighted,visit-weighted mean,0.03336423347230396,0.8456519046273238,0.06091242244608013,0.7652072387016917
8,flattened,flattened (category x hour),0.03570077502514446,0.9163175814969083,0.06421451717321364,0.8324541758990888
9,category,bus,0.02246409564785759,0.8527883941311494,0.09630918339462272,0.6242541819978921
9,category,accomodation,0.02017911082491295,0.9037172399529232,0.022021977331480015,0.8687087573585248
9,category,facilities,0.02611604609098119,0.9017526984193056,0.028588927153723652,0.8652210421294192
9,category,train,0.029952061679636367,0.8273352256254761,0.05878581591999261,0.8534676405866114
9,category,natural,0.052627169447947056,0.843844075317148,0.0851042574585005,0.7009880174548724
9,category,residential,0.05884867108530975,0.8090312939106525,0.15567012984863332,0.5315133802288506
9,category,outdoors_and_sport_vehicles,0.05010159856066377,0.8840909805607178,0.135764216952672,0.47633209919646285
9,weighted,visit-weighted mean,0.026953265463860055,0.8685922199342695,0.06593336777133976,0.7430503782046156
9,flattened,flattened (category x hour),0.029387351203640503,0.924836145932689,0.0702914921401823,0.8182990880774728
10,category,bus,0.02093780150111879,0.8845535456335555,0.05175247180371836,0.780922603973138
10,category,accomodation,0.03908510139574607,0.8208170570694262,0.023827709874047184,0.9247404460471165
10,category,facilities,0.05880078361109689,0.6969346399916271,0.04024125663297497,0.8793110656959496
10,category,train,0.03863176602940092,0.7725893305591564,0.07624832577847822,0.7145797071608874
10,category,natural,0.07269999117795062,0.7759582561458164,0.06582256768516906,0.753681571538096
10,category,residential,0.09996430550057232,0.6323801765384185,0.09197090809028557,0.7364013375853133
10,category,outdoors_and_sport_vehicles,0.08296236950028657,0.7325066381175683,0.08068528186769762,0.7371024434677412
10,weighted,visit-weighted mean,0.03984839217756323,0.8117734928278201,0.04873943744452978,0.8181701569380726
10,flattened,flattened (category x hour),0.04337710528407679,0.9124231738452605,0.04905433400864523,0.8967890912730647
11,category,bus,0.028918365517649224,0.8329965126572764,0.053957014260084805,0.7674926695819752
11,category,accomodation,0.026672002615938915,0.8948779898794936,0.02387869259850682,0.9361907290744563
11,category,facilities,0.04783509570423577,0.8281528643498606,0.03613948576652511,0.9084951491594594
11,category,train,0.03812018685398509,0.792201224652778,0.08350241044112389,0.7051020815684693
11,category,natural,0.07626809696145447,0.7979371649987648,0.05745276419524381,0.8283235169050388
11,category,residential,0.0782256726128691,0.7729374123622332,0.10031291096459782,0.7368642789613841
11,category,outdoors_and_sport_vehicles,0.0886522681879551,0.7247205227706921,0.10546046528691562,0.6256242759735992
11,weighted,visit-weighted mean,0.038289340642287374,0.8356341715005612,0.049902835739997896,0.8219416780404533
11,flattened,flattened (category x hour),0.0394788391383982,0.9135276560346834,0.05132178423297685,0.895226994318692
12,category,bus,0.01895236160759445,0.8966920660689539,0.05196426307133005,0.7874248845603836
12,category,accomodation,0.025394246789735522,0.8951763527825269,0.038091886189245534,0.8758572874661219
12,category,facilities,0.032977844870208495,0.8644915771957821,0.029857535133212116,0.8920612705936545
12,category,train,0.02865774153333197,0.8046027861835549,0.05855733331712874,0.6894424674655073
12,category,natural,0.05727799693764837,0.885985093122811,0.06025629032517324,0.8101795707768009
12,category,residential,0.0892381486673714,0.6894203840465535,0.095587925257266,0.7268205104799524
12,category,outdoors_and_sport_vehicles,0.06708426749524227,0.7796933754053457,0.15888359532578367,0.3722001296689137
12,weighted,visit-weighted mean,0.029087131303945107,0.873565810084538,0.05013567718171577,0.8038191161686866
12,flattened,flattened (category x hour),0.03142353050107211,0.9383778834554919,0.05104061059983871,0.8922767902346083
13,category,bus,0.029344540171153996,0.8053208303704819,0.0858151605177838,0.6358093727737004
13,category,accomodation,0.027376445554514513,0.8698988184663891,0.03266033344736205,0.9120296013647023
13,category,facilities,0.03016524675287782,0.8715197655725377,0.04445910197082345,0.9170310797043989
13,category,train,0.030792442256743623,0.7826235139849879,0.05756484952237509,0.7542297392305488
13,category,natural,0.040144844610379524,0.8727387400770814,0.053872169225882005,0.8252966647408556
13,category,residential,0.06382116207556632,0.8373543290139833,0.1266128060398241,0.5901342302358212
13,category,outdoors_and_sport_vehicles,0.08159838483554177,0.724051846459608,0.10061416213537108,0.5780144600232267
13,weighted,visit-weighted mean,0.03193834887999201,0.8316848960356923,0.0629006336269531,0.7676696404576304
13,flattened,flattened (category x hour),0.03340400392438672,0.9015882980369433,0.06490246320028431,0.8351691691466107
14,category,bus,0.033022395354266966,0.7824288497313051,0.03678318597859623,0.7533640051598337
14,category,accomodation,0.027361577849073858,0.8907874256077216,0.036369519107910434,0.9118136903547935
14,category,facilities,0.02802205862403445,0.9030344986663714,0.04678043253647207,0.8466277014949564
14,category,train,0.02154821786520343,0.8617756513458151,0.05133823757851378,0.7324600512229064
14,category,natural,0.0713246505189267,0.7990943865215197,0.05037961578963057,0.8238552076419893
14,category,residential,0.08040157907360973,0.7536020983428009,0.13286037216076252,0.549275591200687
14,category,outdoors_and_sport_vehicles,0.08759681722033526,0.6917884354147991,0.11907723191989096,0.577056472847273
14,weighted,visit-weighted mean,0.034813834234647345,0.8331747812887762,0.044755054553463125,0.7989180619329079
14,flattened,flattened (category x hour),0.038255873923104915,0.9059420858276475,0.04673450339481211,0.8770413559023956
15,category,bus,0.024811237793357012,0.8281673157860029,0.0810852913329077,0.6351049622676862
15,category,accomodation,0.03235709053831408,0.8148098557447088,0.027444033296076902,0.9112132231588373
15,category,facilities,0.025538446555977458,0.8688373868897156,0.025663665766452504,0.917654282484265
15,category,train,0.03035234186991536,0.8658838977589641,0.0711985602058982,0.642127901468274
15,category,natural,0.05039221326717003,0.8288483217781286,0.04937108736451842,0.8268066008290867
15,category,residential,0.0644160472895955,0.7316570550237708,0.08361570898254204,0.8220513791484779
15,category,outdoors_and_sport_vehicles,0.08255405639184128,0.8013590235567593,0.13553310208721586,0.5796086174105055
15,weighted,visit-weighted mean,0.0313546991418471,0.8329656473420047,0.05807255201971179,0.7599707454055732
15,flattened,flattened (category x hour),0.03359744045191573,0.906596611601951,0.05918118319799081,0.8412182245882872
16,category,bus,0.026782714995030234,0.9069844188473981,0.033390910333531906,0.8637648704104994
16,category,accomodation,0.029685511007571393,0.9047527147492537,0.02701562502222963,0.9196171256811565
16,category,facilities,0.02798090913793132,0.9106777612923996,0.029256358536615144,0.9004295028748474
16,category,train,0.02406995262236045,0.897730295508754,0.057725833382633575,0.7484687292285359
16,category,natural,0.06161851875751569,0.9227077094822429,0.06073680368059113,0.743437205047491
16,category,residential,0.09150824863897222,0.676173443744226,0.10257484816508924,0.744381279870532
16,category,outdoors_and_sport_vehicles,0.06703569003106202,0.7788751676760165,0.13051672312143453,0.5219705773678196
16,weighted,visit-weighted mean,0.0322011941506835,0.8994616998261307,0.03969074831966748,0.8502201771951213
16,flattened,flattened (category x hour),0.034860042239056546,0.9479608931066352,0.040715878773934656,0.9206458499785564
17,category,bus,0.01611715399789891,0.8948751824559925,0.0788390833133315,0.629055540627811
17,category,accomodation,0.03774227831453712,0.801921339562458,0.022769111226845114,0.936151347088832
17,category,facilities,0.04378538902881765,0.738346143890919,0.028455248330395748,0.9026518526638575
17,category,train,0.03579121682834813,0.7896845260247762,0.09836467821127148,0.48120518188644323
17,category,natural,0.07163375062759123,0.7510758898301623,0.049507852722616194,0.821483972960383
17,category,residential,0.08637376168356006,0.6706171747318616,0.11165914315857471,0.6707268412697446
17,category,outdoors_and_sport_vehicles,0.07858872513383686,0.7182034913473212,0.1061726522089553,0.604999476136229
17,weighted,visit-weighted mean,0.034569761628068095,0.818293674603391,0.0593606858203654,0.7407947345680538
17,flattened,flattened (category x hour),0.03631856464067666,0.916935799122121,0.06154953452705636,0.830486753056441
18,category,bus,0.03065028187635503,0.883072903170786,0.0735589559307675,0.6712129364493025
18,category,accomodation,0.040462570807705885,0.8269331326718447,0.03512093407162907,0.8094318325765413
18,category,facilities,0.058776414343420846,0.7294456201373867,0.03660254337956617,0.8602171929692732
18,category,train,0.03444238596001154,0.8193890000838088,0.060624774659792276,0.7210691653126433
18,category,natural,0.10397453454001673,0.6558117882084348,0.052318380899660295,0.8018085250373517
18,category,residential,0.11035755026013219,0.6275798997001555,0.11928407365546868,0.5756651571999795
18,category,outdoors_and_sport_vehicles,0.07625908854785074,0.7242011117563999,0.15271314407958886,0.4244647355176972
18,weighted,visit-weighted mean,0.045833966436784564,0.8135350043306494,0.05883118880977239,0.7395823966210989
18,flattened,flattened (category x hour),0.047360668292289104,0.9150976134043751,0.059793127720483785,0.8407483088685
19,category,bus,0.03284126421900975,0.7533795932802164,0.05657686605488499,0.7430481034162882
19,category,accomodation,0.03737535981004908,0.7988346764392948,0.03976605721499017,0.8355379003649881
19,category,facilities,0.03443556194776226,0.8325354186594442,0.04778252909138568,0.8040893551607932
19,category,train,0.03959710818463871,0.7084050218383594,0.08156835329238038,0.507094338051185
19,category,natural,0.08681637595548361,0.7235219455942632,0.045646550482561506,0.8717098594878988
19,category,residential,0.10477354522437238,0.6818474781925045,0.11136908288380754,0.6812805297878449
19,category,outdoors_and_sport_vehicles,0.07735345762008673,0.7212684565064873,0.11755223897628117,0.5606839196872058
19,weighted,visit-weighted mean,0.041387899681643844,0.7668579330095607,0.055818086018916836,0.7521384317803913
19,flattened,flattened (category x hour),0.04331608917441859,0.8781388698654459,0.05792003091688898,0.8580480648052271
