rep,n,method,Q1_category_share_TV,Q2_flow_TV,Q3_motif_MAE_pp,Q3_motif_recall20,Q4_reach_MAE_pp,Q5_time_of_day_JSD,Q6_dwell_relerr
0,20,real-vs-real,0.2072246373349894,0.3971485903143127,1.4706588210196971,0.4,20.0,0.4810583038225647,2.0543090243090245
0,20,Markov-1,0.09726418328281265,0.21874989556481203,1.0537402747379399,0.35,17.0625,0.3332583121913519,0.1592508672325833
0,20,Markov-2 light,0.10857083674334103,0.23872786723945297,1.018520613840837,0.55,12.687499999999998,0.3176459284238462,0.23519721669620533
0,20,Markov-2 heavy,0.10472424049702705,0.21869620289634153,0.9580685129448676,0.45,14.5625,0.3694848077230988,0.17221696850567053
0,50,real-vs-real,0.0872162485065711,0.19051291332882164,0.7934207978718928,0.65,13.0,0.3273159621208702,0.4329438538399752
0,50,Markov-1,0.07933889412015957,0.1660423149503072,0.9308963335729692,0.5,16.0,0.2712816681351129,0.15353402914015202
0,50,Markov-2 light,0.09497438357908435,0.18560910129869262,0.8850059544614742,0.7,13.874999999999998,0.25975513749353063,0.07630855513781196
0,50,Markov-2 heavy,0.08032107159322611,0.17357027043405127,0.8515322083613943,0.55,18.249999999999996,0.3042492836970838,0.12578183704705423
0,100,real-vs-real,0.1043464054360998,0.16901682869459,0.8500260129447832,0.65,6.249999999999997,0.20165549055302046,0.285508869371539
0,100,Markov-1,0.07616573456037894,0.14128146750494916,0.9329738971380788,0.4,16.4375,0.1285004058301884,0.10900945759325484
0,100,Markov-2 light,0.09317990765745417,0.18217210076730464,0.9441218390876891,0.6,9.000000000000002,0.11219762260243799,0.14850925150316754
0,100,Markov-2 heavy,0.08585311420281105,0.15584041477778024,0.7586509326988998,0.5,15.125,0.1355364627960478,0.10165518836442033
0,300,real-vs-real,0.05822309481656559,0.12709628137771506,0.7768459642811497,0.85,3.5000000000000018,0.06417469929108695,0.27233139171048626
0,300,Markov-1,0.06626927105316895,0.11493945919541712,0.901016596672589,0.55,16.916666666666664,0.15754888702461586,0.09696999001748935
0,300,Markov-2 light,0.06508536407967483,0.16702812477003526,0.7734386566478177,0.65,9.812499999999998,0.15718690113264522,0.15095334465683066
0,300,Markov-2 heavy,0.06785832726336065,0.13975568822238957,0.8386456953642384,0.55,13.729166666666664,0.14833403524745187,0.12836279759589414
0,581,real-vs-real,0.020454421345976775,0.05729026979862008,0.3942252603554135,0.85,3.405172413793103,0.03926198614982182,0.19917379767563592
0,581,Markov-1,0.04819188019266342,0.10644848145545366,0.9631301963695315,0.5,13.90910068846816,0.12378177035077881,0.13245276708698367
0,581,Markov-2 light,0.06373863111925396,0.14254315542321008,0.8195000812816198,0.8,7.846600688468159,0.16587107148244645,0.15829131745750408
0,581,Markov-2 heavy,0.04800646860227946,0.1302714590098282,0.9480030328365092,0.65,13.346600688468158,0.1224053568091127,0.13521347124457722
1,20,real-vs-real,0.2692511462047885,0.4436616655794738,1.4142678347934918,0.4,17.5,0.6187170036792533,1.2646853786559666
1,20,Markov-1,0.14648559282385842,0.2925042486548936,1.6270928476826103,0.5,24.500000000000004,0.27866124665764425,0.050318794082448506
1,20,Markov-2 light,0.1635177299813273,0.31084047329544773,1.7374591954157956,0.55,20.687500000000004,0.2753866278918117,0.11428369710395529
1,20,Markov-2 heavy,0.15134588379524522,0.29696430962383547,1.6348185042041898,0.45,23.9375,0.2667945621170631,0.07898088670680528
1,50,real-vs-real,0.1119220162893606,0.24812273361227333,1.0165214096248578,0.6,12.499999999999998,0.35076338500200904,0.3722337092138411
1,50,Markov-1,0.06540378937649158,0.15677946726128833,0.8531741836225031,0.4,12.187499999999998,0.2072568526176964,0.3283244955927228
1,50,Markov-2 light,0.07305194693130604,0.1718011811763362,0.8516591532371779,0.65,8.5,0.20140010976853856,0.26712704185305336
1,50,Markov-2 heavy,0.07357473649318405,0.16035995068068834,0.7964712765106715,0.5,9.4375,0.2122118535220437,0.31930200011003157
1,100,real-vs-real,0.069796488134597,0.15378496679044423,0.6446900337026895,0.65,10.0,0.1979340200579854,0.21008615660214522
1,100,Markov-1,0.039467216618225345,0.08765261821344836,0.7306191545977806,0.45,9.75,0.16258384094340844,0.16346430312690755
1,100,Markov-2 light,0.04589072758248153,0.12460437244609905,0.6213256605951982,0.65,5.0625,0.18759491952158602,0.1313056939926186
1,100,Markov-2 heavy,0.0553565109695683,0.11345450418828545,0.7355504804932902,0.4,9.375,0.19121793025723285,0.10656045677665069
1,300,real-vs-real,0.04934120469693423,0.07706965505804092,0.3419440372143745,1.0,3.7500000000000004,0.08467585414443934,0.2313710332167876
1,300,Markov-1,0.03286950924669342,0.09711360523195467,0.9523732884615465,0.5,16.6875,0.13007254949227492,0.172576439051566
1,300,Markov-2 light,0.0878791956039668,0.15670092928488527,0.9280782980552759,0.8,6.687499999999999,0.1615467609779361,0.1601906182452475
1,300,Markov-2 heavy,0.04658633701624017,0.11592836395731171,0.7536650643797558,0.6,13.687499999999996,0.1596410283394898,0.13700086583876966
1,581,real-vs-real,0.04827761654257424,0.07984383204120463,0.43178907246069903,0.85,2.198275862068965,0.04160246605305743,0.04684009641430269
1,581,Markov-1,0.050064274629755864,0.11344531206019001,1.018446342283732,0.45,16.784100688468158,0.1291217269139336,0.11617481980385205
1,581,Markov-2 light,0.07565571902248747,0.15770850887553933,0.8893270966376312,0.75,5.159100688468159,0.14027476805602637,0.13605236449418479
1,581,Markov-2 heavy,0.04874575192935765,0.11776698755738044,0.8509968772519817,0.7,10.471600688468158,0.09736930965140717,0.12385467834776591
2,20,real-vs-real,0.18664909561682738,0.3399148162422302,1.5119430264070084,0.4,23.750000000000004,0.686096454680388,0.6720076741440378
2,20,Markov-1,0.12601074696898756,0.24808587658466363,1.1622840060976145,0.4,19.8125,0.3722174606331394,0.8123289756240824
2,20,Markov-2 light,0.11894828282333943,0.24449148113054398,1.22973648503892,0.55,13.750000000000002,0.3688984378918271,0.7214632167822839
2,20,Markov-2 heavy,0.13366516539201237,0.25926393056218067,1.263285568482736,0.5,17.187499999999996,0.3200719563010249,0.7300136454303198
2,50,real-vs-real,0.05675002646708187,0.1859715429079591,0.8899700872325212,0.65,10.0,0.2656000854472784,0.5542071447502416
2,50,Markov-1,0.048587646103426745,0.14972170026092582,0.9417270084388754,0.4,16.625,0.23494254035442902,0.3494864828210076
2,50,Markov-2 light,0.08958747841635184,0.1734454703042579,0.9792436628397813,0.65,9.624999999999998,0.22356343096104553,0.2994836798745356
2,50,Markov-2 heavy,0.0564675054832506,0.14643904317545847,0.9003222592464176,0.5,15.687499999999998,0.2207420455878591,0.3207242523482483
2,100,real-vs-real,0.08383244442061176,0.15978753602247464,0.5021509682083628,0.8,10.25,0.15300516226883606,0.3145337868569097
2,100,Markov-1,0.07373298680709009,0.14771040452953932,0.9424144704478564,0.4,20.5,0.21860066435856004,0.1924879794042566
2,100,Markov-2 light,0.08060961709745063,0.13692203860553814,0.5574180526075979,0.7,14.5625,0.2148368222983624,0.19963081541075492
2,100,Markov-2 heavy,0.06431541030295251,0.13022852080889846,0.8123008546386657,0.5,21.5625,0.23065396808983502,0.1941660486437959
2,300,real-vs-real,0.04400218155904634,0.0887896665834944,0.5541430240186166,0.85,3.9999999999999987,0.06120623364833904,0.08618084377913007
2,300,Markov-1,0.05522108297587035,0.12949314945414808,0.9823936796124847,0.45,16.333333333333332,0.13358904020108542,0.10944016010096205
2,300,Markov-2 light,0.06552956734126505,0.13682211536585326,0.656950093686241,0.7,6.479166666666666,0.1709658816783316,0.17802848641510993
2,300,Markov-2 heavy,0.05515343881893939,0.12808346073417606,0.8418135941523944,0.6,16.583333333333332,0.07380269905620625,0.13102065049174066
2,581,real-vs-real,0.03715478494647645,0.07712762328734792,0.5008537957608827,0.95,4.482758620689655,0.03690705745663657,0.0897810439759041
2,581,Markov-1,0.047070031629974786,0.1256370665535465,0.9964479843107807,0.55,17.09660068846816,0.14796999444033604,0.09485924022214345
2,581,Markov-2 light,0.0702808068015158,0.15745626001306337,0.9031560066002291,0.7,6.221600688468159,0.12161731572876083,0.1927566001586739
2,581,Markov-2 heavy,0.03802417134726824,0.11010293997419393,0.881053588027029,0.7,11.659100688468161,0.10579487387811183,0.09877375888320589
3,20,real-vs-real,0.16515305585749848,0.3372281593457349,1.3871877273829736,0.35,13.750000000000002,0.47810511571689795,1.10521262447306
3,20,Markov-1,0.09435844325738578,0.1666628946669067,0.8537540621449337,0.55,20.625,0.26362192590287614,0.12840596634201284
3,20,Markov-2 light,0.1037280701754386,0.1987909624008279,0.9066765405738645,0.7,15.312499999999998,0.2784454731078613,0.20020215572541156
3,20,Markov-2 heavy,0.09977588525324965,0.17841533523789369,0.8209315382455978,0.7,20.125,0.28926088517097304,0.17760762063087643
3,50,real-vs-real,0.1781344748399567,0.2883685607345389,1.4742352078068774,0.4,12.500000000000004,0.3377083850262864,1.1987814123143516
3,50,Markov-1,0.06452436781794846,0.14962518339723302,0.9855274025569922,0.4,12.874999999999998,0.18423411918384747,0.20503715034965034
3,50,Markov-2 light,0.08898844181152596,0.19875039329839866,0.9270528315422681,0.6,9.312500000000002,0.23383230542537312,0.1349444826007326
3,50,Markov-2 heavy,0.06921958835612455,0.1586167646545495,0.867021459725403,0.5,12.499999999999996,0.2210808985093291,0.2215453817016317
3,100,real-vs-real,0.06247832159246129,0.1349632494539265,0.3275697376382685,0.85,6.5,0.2397322621800769,0.13605327821871468
3,100,Markov-1,0.047062941501709074,0.12388913618635916,0.9186002791204252,0.4,16.8125,0.19461618074022072,0.13775517782870725
3,100,Markov-2 light,0.061227835491140185,0.1366677225552515,0.6726553900615184,0.65,8.937500000000002,0.2119547845330684,0.11694783974195738
3,100,Markov-2 heavy,0.04590168046053701,0.11971120581146938,0.8716450861639715,0.5,14.625000000000002,0.14481255921926184,0.12133307868601986
3,300,real-vs-real,0.04281719881174634,0.10582346020004735,0.6401347773433044,0.8,2.6666666666666665,0.0951399816316931,0.24973306594878864
3,300,Markov-1,0.04055340066830265,0.11766964778318542,0.913418318073031,0.45,15.77083333333333,0.14860275825237051,0.1582518048841247
3,300,Markov-2 light,0.0860415614909864,0.17774639338747977,1.1048175380816934,0.7,7.833333333333334,0.13906603028865547,0.12028607489953524
3,300,Markov-2 heavy,0.04791066035275844,0.1507772763802788,0.897373753316105,0.5,14.583333333333334,0.1438751502895171,0.12656445942807976
3,581,real-vs-real,0.04362250673783751,0.07854715338864277,0.45550109313074644,0.9,2.1982758620689635,0.03671722864520243,0.06877843743490031
3,581,Markov-1,0.04217005629092278,0.1089673895398042,0.9990560894805876,0.5,16.34660068846816,0.10808939870306061,0.13057189066693675
3,581,Markov-2 light,0.07699410847804164,0.14779354282812257,0.779285150003382,0.8,5.3363812392426855,0.1533200633088485,0.12326139202579295
3,581,Markov-2 heavy,0.058141336926838955,0.14362371617703967,1.0211543597160229,0.65,10.909100688468158,0.13875154007294369,0.17196087802366605
4,20,real-vs-real,0.07162997998908498,0.219653938339298,1.2444706050228311,0.5,11.249999999999998,0.4271012084085735,0.5931058050460327
4,20,Markov-1,0.08885671080108828,0.21858336783361776,0.864019221179564,0.5,10.624999999999998,0.4194608597683306,0.24266472779187367
4,20,Markov-2 light,0.11666097129009821,0.24345399520496797,1.075271865697333,0.5,9.062499999999998,0.4603532433457597,0.21094431604994116
4,20,Markov-2 heavy,0.09493170972519337,0.23907227472381207,0.8626102944850259,0.5,8.875,0.4300918276068639,0.2932585425535507
4,50,real-vs-real,0.08387090331728943,0.20860901167117224,0.8743356914088621,0.6,10.0,0.3584511788028169,0.6132921653509888
4,50,Markov-1,0.09402102924175619,0.20364764348393788,0.9396472855076101,0.45,5.375,0.2963928491021383,0.24260807677274845
4,50,Markov-2 light,0.10853035265763322,0.21546544436700465,1.0096447203831955,0.6,5.499999999999998,0.3381674739681878,0.23665032157764715
4,50,Markov-2 heavy,0.10391659540752977,0.21627258235919233,0.9024481027412438,0.55,5.062499999999998,0.2855018043861446,0.20122555283293997
4,100,real-vs-real,0.10022698078146239,0.18913425620742697,1.0025524057782123,0.7,9.5,0.17679598550802378,0.2008266146268336
4,100,Markov-1,0.06906615354725203,0.159589343857348,0.9436670421064179,0.5,13.374999999999998,0.15577874129235703,0.22380152005253678
4,100,Markov-2 light,0.0898418162239016,0.16237007764218936,0.7455896687701041,0.65,6.5,0.14576981309920506,0.16129719700814182
4,100,Markov-2 heavy,0.07471102523354863,0.1545316372360412,0.8996614405585381,0.5,13.687499999999996,0.1366317023799387,0.1923418956188483
4,300,real-vs-real,0.027751097639781532,0.064523635101641,0.4146027562750799,0.85,2.333333333333334,0.05814531819290773,0.08948863636363635
4,300,Markov-1,0.06182946048594741,0.1341459865489258,0.8757130795020239,0.5,17.354166666666664,0.12422453710493445,0.07157952650779406
4,300,Markov-2 light,0.11103055344204817,0.20081171174769968,1.1456905306805008,0.8,6.708333333333333,0.1895340342753663,0.09582840593915246
4,300,Markov-2 heavy,0.05641908840330527,0.12591100097732627,0.7974275322713593,0.6,13.604166666666668,0.1555942343501983,0.06461305334464329
4,581,real-vs-real,0.016187135335221533,0.07313120119155163,0.4502012422853041,0.9,2.5431034482758608,0.03138543189703896,0.07972220607913114
4,581,Markov-1,0.051182013433248005,0.11999235353449217,1.0284958092019987,0.5,14.784100688468161,0.13135030001805895,0.08447459318715078
4,581,Markov-2 light,0.06284835828168527,0.1290881938655821,0.7162619719773463,0.85,5.471600688468159,0.1288475240170608,0.10476797108421533
4,581,Markov-2 heavy,0.03942005954333608,0.11870414008696875,0.9640810781532264,0.65,12.40910068846816,0.11645940315262693,0.1314583649837106
5,20,real-vs-real,0.2324526262833293,0.37156106305042474,1.7296538111144855,0.3,23.75,0.607828036627093,0.840446670527375
5,20,Markov-1,0.048815332014367746,0.15788679761047553,0.9604025269876982,0.45,12.3125,0.36524742868124316,0.16572871466679961
5,20,Markov-2 light,0.08196483458373269,0.1737025287356322,0.8818945714380112,0.55,11.250000000000004,0.34537959360249204,0.2471077630377722
5,20,Markov-2 heavy,0.05708339974958537,0.16020009327885307,0.9297247527996475,0.5,12.374999999999996,0.3299899292132988,0.19944318379455636
5,50,real-vs-real,0.1304476479171655,0.2153250600971945,1.2048468446707632,0.6,11.000000000000002,0.29245520569929717,0.5260968527802893
5,50,Markov-1,0.063218597187118,0.14817743848247283,1.023102551510467,0.5,14.562499999999998,0.18423984182235248,0.2748104971670944
5,50,Markov-2 light,0.07955651229311769,0.17436416084909,0.943945631458821,0.7,14.999999999999996,0.17147232503578294,0.2861105610480905
5,50,Markov-2 heavy,0.06763825367971098,0.16237628319433245,0.9280141118592236,0.5,12.687499999999998,0.1921622817239664,0.25964138181562857
5,100,real-vs-real,0.08065662439038304,0.16482760093299353,0.9783759964535146,0.7,6.75,0.13745998568452858,0.3906772396913857
5,100,Markov-1,0.06305748016203179,0.12286074163199501,1.0247626788742978,0.55,16.562500000000004,0.16345580140611454,0.1481965233603661
5,100,Markov-2 light,0.06981884421363546,0.16207676773290108,0.8341084599794623,0.65,7.687500000000003,0.1779978558579375,0.252754921684083
5,100,Markov-2 heavy,0.06604384736314739,0.14768133930362026,0.9514132790856719,0.55,16.0,0.17782974055141054,0.15679463737061777
5,300,real-vs-real,0.041193345405194814,0.09190163907507085,0.5614156399295952,0.85,3.6666666666666674,0.06819154317275876,0.0949608441861593
5,300,Markov-1,0.06034711063647957,0.1418249031571397,0.9513612210233056,0.45,19.97916666666667,0.14894649123565523,0.1477869489441854
5,300,Markov-2 light,0.09426434692560548,0.18538552467613645,0.936380494718897,0.7,7.479166666666669,0.15551515714304404,0.19059631949629813
5,300,Markov-2 heavy,0.05915621457155221,0.15746419565857828,0.8640460483365257,0.45,18.666666666666668,0.17924553167005725,0.1439108817087545
5,581,real-vs-real,0.019986554031849915,0.05440018490891435,0.23096928907089587,0.95,3.8362068965517255,0.04281916241051735,0.07617790341715924
5,581,Markov-1,0.04295886438412638,0.11812675383410476,0.9860307593348618,0.5,17.846600688468158,0.11126708630990989,0.12378225173444068
5,581,Markov-2 light,0.08507209131795498,0.15487410788987532,0.9001173046696719,0.8,5.721600688468159,0.09885769849761492,0.12394477642173495
5,581,Markov-2 heavy,0.04170857480912073,0.11329921730532794,0.923362622318766,0.6,11.84660068846816,0.13027418907955388,0.0937529540352121
6,20,real-vs-real,0.1379773500309215,0.25805479964270134,1.1464354527938343,0.55,15.000000000000002,0.42071642499372497,0.3772305341234637
6,20,Markov-1,0.1048063691491091,0.20770196496554139,0.7261649564871087,0.65,21.4375,0.3787912529546058,0.6739066419941996
6,20,Markov-2 light,0.11475342985209407,0.22221620213922538,0.8428349028807146,0.65,17.625,0.3627595218999817,0.6685334116209692
6,20,Markov-2 heavy,0.10429458542042612,0.21120311326840308,0.7280935322054682,0.65,17.9375,0.40147062798724975,0.4302430475241535
6,50,real-vs-real,0.11795795475201902,0.21673710815353933,1.4586896375802052,0.75,6.500000000000002,0.3217859747645856,0.3511144281801062
6,50,Markov-1,0.050885101815057183,0.13488004933467324,0.8620536219924599,0.65,14.8125,0.26056311269636245,0.39852909127037545
6,50,Markov-2 light,0.08185861759514519,0.18313520292292054,1.0263262696765811,0.75,8.6875,0.18249666481660684,0.42308948751125164
6,50,Markov-2 heavy,0.05847939620430277,0.14764544305754318,0.7248393774602869,0.7,12.250000000000002,0.24573378508461918,0.4062551078783917
6,100,real-vs-real,0.0647530968883839,0.14022039146766063,0.7016418620277409,0.75,3.2499999999999996,0.16559983858336838,0.34569591185988957
6,100,Markov-1,0.05592699719840549,0.11288261284586701,0.7883427710348541,0.55,15.750000000000004,0.2055944116506324,0.13264613316591004
6,100,Markov-2 light,0.07811746225562348,0.1523235501357263,0.8289091742048806,0.8,10.5625,0.1902505015531173,0.1865903310122377
6,100,Markov-2 heavy,0.05790597646462437,0.12414893346795602,0.6896994456159542,0.65,13.8125,0.17286165173447932,0.18789494115305475
6,300,real-vs-real,0.032451639812436664,0.08354005185431367,0.4885287199380685,0.85,7.333333333333332,0.08311791947130086,0.16795211394005558
6,300,Markov-1,0.04756926403412533,0.10185981995559631,0.9577147723541894,0.5,18.583333333333332,0.1087031343511612,0.10269307786437248
6,300,Markov-2 light,0.08140392902736518,0.1481887330668536,0.8756711273619926,0.8,8.895833333333334,0.17011871344911594,0.12664076138652408
6,300,Markov-2 heavy,0.04069804098433363,0.10984693129936471,0.823016531457947,0.6,13.145833333333334,0.13729146469112563,0.07448318144766036
6,581,real-vs-real,0.022751686049662517,0.07179900803642977,0.4591286745167932,0.8,0.560344827586206,0.031359338523962915,0.1039356309420452
6,581,Markov-1,0.04508684406683276,0.11155782593282218,0.9358385120320636,0.55,17.721600688468158,0.13903561751877228,0.06692503924646781
6,581,Markov-2 light,0.07410740353101251,0.1515023126841495,0.9316851198237792,0.75,7.159100688468159,0.14793765283487859,0.12969770724667037
6,581,Markov-2 heavy,0.050297314860853176,0.12319795524149549,0.905093106991943,0.65,13.221600688468161,0.12448401389877538,0.12761400465893552
7,20,real-vs-real,0.21724175386509284,0.37932775037283467,1.541439145734741,0.2,15.000000000000002,0.32009511171374916,0.2907529849407153
7,20,Markov-1,0.09341449403446753,0.1939040809694043,1.0145876076609839,0.5,9.000000000000002,0.3652183418642434,0.37700514517932393
7,20,Markov-2 light,0.11114836012765383,0.21396689286286624,0.9628945380383647,0.55,8.6875,0.3959737566910169,0.45103601802594784
7,20,Markov-2 heavy,0.0969459940173013,0.19569586274481954,0.92145131624669,0.55,6.937499999999999,0.32061885640566046,0.42663203976217395
7,50,real-vs-real,0.06865789267915273,0.207762230642083,1.3342483961658713,0.75,11.000000000000002,0.251617678161805,1.445661131034977
7,50,Markov-1,0.06347468422551289,0.15694065916483693,1.1403589743589744,0.4,18.0625,0.22752208665393314,0.27562717776130863
7,50,Markov-2 light,0.0880106105315774,0.2024952830048079,1.1826265946622838,0.55,11.8125,0.26406753735304866,0.2537040330092454
7,50,Markov-2 heavy,0.0722175601626519,0.1760140788004565,1.1222662437993007,0.5,15.562500000000002,0.27597532922252455,0.24740678009395822
7,100,real-vs-real,0.09395819095764565,0.16963034688444523,1.0450041722933396,0.8,5.75,0.19850002051459203,0.31415266154125343
7,100,Markov-1,0.07116486126726103,0.1258194082593489,1.1043575602401288,0.4,17.0,0.15150116251162868,0.13338686569370883
7,100,Markov-2 light,0.12527050806104606,0.18438929138876017,1.1492752491455462,0.55,9.4375,0.16559027600951481,0.1490915438021731
7,100,Markov-2 heavy,0.0864365598529983,0.1338110640410566,1.1888768669546759,0.45,15.312499999999998,0.14766238916432936,0.17087166635236642
7,300,real-vs-real,0.04186840653720486,0.106367197330899,0.7432710609430451,0.85,4.333333333333334,0.06645513577893702,0.1767326831665067
7,300,Markov-1,0.03473380237245771,0.10820192207308621,0.9971463462601939,0.45,17.6875,0.09431847473952946,0.07461014536821248
7,300,Markov-2 light,0.061898220574433484,0.14636718040408891,0.6809258410241505,0.75,6.625,0.11830056693351318,0.1660013890805818
7,300,Markov-2 heavy,0.04232399577016441,0.1104694793713574,0.869560823653047,0.65,12.75,0.11593165356667284,0.12199448054184203
7,581,real-vs-real,0.03083526756863781,0.06787827164265266,0.3302699920341182,0.85,2.8879310344827576,0.030369977436841614,0.10113322098349321
7,581,Markov-1,0.055691865311397235,0.11351354337612882,0.9914474969368824,0.5,16.284100688468158,0.08843013043564445,0.1114706242298408
7,581,Markov-2 light,0.07572561706058338,0.15097928475156736,0.8551779954950902,0.8,7.09660068846816,0.13978774484986267,0.14526658057764047
7,581,Markov-2 heavy,0.05076170732251838,0.1292581496662234,0.9742132927350131,0.65,14.03410068846816,0.126804368441183,0.09616592604783848
8,20,real-vs-real,0.15874149174163454,0.3280228758169934,1.7650612334559828,0.65,14.999999999999996,0.41291339935056215,0.17247425945609346
8,20,Markov-1,0.1051986993516229,0.2021468000332033,1.154747656094155,0.6,22.9375,0.3604061255752343,0.22257795987383344
8,20,Markov-2 light,0.12396585654319311,0.23283710070664076,1.2225945784927017,0.75,23.5,0.31372371132495463,0.1290204691465314
8,20,Markov-2 heavy,0.12650751279939107,0.2209474809568355,1.1724570563482695,0.7,23.4375,0.3396747675358779,0.12651674843385544
8,50,real-vs-real,0.07083010419357615,0.18234019501625132,1.103197698047567,0.7,15.000000000000002,0.2663518340717592,0.541806058544565
8,50,Markov-1,0.0837330612661855,0.16537954678559688,0.9574111704745015,0.55,13.937500000000004,0.26073591710617416,0.25561362426051104
8,50,Markov-2 light,0.10686252037146404,0.1988186324758563,0.9828840843166631,0.75,13.8125,0.24774015741599564,0.2254590609588487
8,50,Markov-2 heavy,0.10071438040314999,0.18286443720202783,0.793086941094332,0.6,14.5625,0.23906353298306943,0.2191901380086495
8,100,real-vs-real,0.06407323699610831,0.14305645576865883,0.7139707535489347,0.75,6.75,0.17718007500074318,0.1337942666349972
8,100,Markov-1,0.07148462280791086,0.14339284347193185,0.9205078565627745,0.55,19.0625,0.2246140261183248,0.20824002733192615
8,100,Markov-2 light,0.09570206104682272,0.16618171989080555,0.9638103904926624,0.75,11.875000000000002,0.1970843355959896,0.13130293352964534
8,100,Markov-2 heavy,0.07019006165568231,0.14028652421574164,0.842009978797445,0.6,13.874999999999998,0.19013143388220843,0.14154081531205287
8,300,real-vs-real,0.03315928696998724,0.08515037086465657,0.46435183614307723,0.8,3.7500000000000004,0.06642177655837353,0.20245133163469198
8,300,Markov-1,0.05243041469488114,0.1166482643671511,0.9574288044915166,0.55,13.416666666666666,0.13425903876727974,0.09400856479835837
8,300,Markov-2 light,0.10959118080298424,0.2059047261597605,1.2788141813226939,0.8,7.291666666666666,0.14351077556066003,0.17165470440310998
8,300,Markov-2 heavy,0.05250015089882849,0.14767259137144007,0.909781599074473,0.6,11.166666666666664,0.13581651830062486,0.1732349403653506
8,581,real-vs-real,0.031758828654740834,0.062087671557356366,0.36584922718919666,0.85,3.879310344827585,0.033201276618727446,0.21849506467834537
8,581,Markov-1,0.05026253855397537,0.12357941295984287,1.0170859697061183,0.5,18.034100688468158,0.1218345004549506,0.10648764158268767
8,581,Markov-2 light,0.06307700706684066,0.13253083982721267,0.7291379670990336,0.8,3.2396729776247857,0.10886981590005135,0.15483143009064668
8,581,Markov-2 heavy,0.045991309546783335,0.11711214997083809,0.811551635871661,0.65,13.346600688468158,0.10516107302389131,0.13568292546547156
9,20,real-vs-real,0.16140202105858242,0.29699674043256596,1.2356490445735295,0.5,15.0,0.3801570338437871,0.7891077383306789
9,20,Markov-1,0.096345367060922,0.23265435208234503,1.0962770857248134,0.35,17.312500000000004,0.26026254436317897,0.19553107384071472
9,20,Markov-2 light,0.08028924790124903,0.2260743471624761,1.0397852381383283,0.55,12.000000000000002,0.30550959413903633,0.13449248985052525
9,20,Markov-2 heavy,0.09569575127699079,0.23404330669885437,1.0493831204279942,0.45,17.062500000000004,0.3051465468510516,0.17629756537535884
9,50,real-vs-real,0.14004859687480217,0.24274084124830392,1.1528645126255768,0.6,5.0,0.29269553332259407,0.3315997605254738
9,50,Markov-1,0.07327930883819855,0.17561876942950072,0.887145374466015,0.25,18.5,0.2369647681113084,0.09987210700984014
9,50,Markov-2 light,0.10513237645123238,0.211348364680651,1.0828196023393697,0.55,11.999999999999996,0.26952036397690815,0.10991457928330238
9,50,Markov-2 heavy,0.08412662992909045,0.1869313725265543,0.8640300195077101,0.45,16.8125,0.25889169538554907,0.11008134221907537
9,100,real-vs-real,0.06491324242654781,0.14720041874547446,0.531845097907274,0.75,7.750000000000002,0.1392655223729502,0.33202177099961494
9,100,Markov-1,0.05320866892550899,0.1349930485964824,0.8344016073305223,0.25,19.125,0.16985772545591582,0.16415536092292915
9,100,Markov-2 light,0.1271482015810887,0.2124505128694516,1.316667344312844,0.5,11.687499999999998,0.17893854498959683,0.12937747794294813
9,100,Markov-2 heavy,0.07097510529585677,0.1581252408751033,1.005417423943274,0.4,17.1875,0.23449884540794808,0.16729361703451695
9,300,real-vs-real,0.0421947274541222,0.0852009598658661,0.4619032137121564,0.8,3.166666666666666,0.06026475499309169,0.18022327096097587
9,300,Markov-1,0.03436316018053656,0.1065536375664358,0.9217071668951655,0.5,13.687499999999996,0.17439499530484578,0.10951141802973102
9,300,Markov-2 light,0.08810137521371411,0.18020450868401008,1.0866603875469885,0.75,8.75,0.1646332561463009,0.12136020947559714
9,300,Markov-2 heavy,0.04804997936471071,0.1464355807626131,0.9513207639642595,0.6,13.124999999999998,0.14034270562969026,0.15007471967199254
9,581,real-vs-real,0.016401837050967417,0.0746918391455692,0.3879078099822376,0.8,1.8965517241379306,0.040190836954429085,0.13601368637094918
9,581,Markov-1,0.050704693323788394,0.12712237910681434,0.9547316058899566,0.55,18.40910068846816,0.0997698887457892,0.1234177448895191
9,581,Markov-2 light,0.06024808962697038,0.12166767331423473,0.772818006428957,0.85,7.4789156626506035,0.14056780288204296,0.1632638818554717
9,581,Markov-2 heavy,0.04760788007773388,0.12905199408032214,0.9158565785258709,0.6,16.03410068846816,0.11239843279026246,0.13898387518779223
10,20,real-vs-real,0.1686994577109695,0.3471835453604461,1.2349258047760105,0.3,11.249999999999998,0.43662804992589876,0.3049730063169949
10,20,Markov-1,0.11720744750925668,0.22186513311784106,0.9086509557088489,0.5,12.124999999999998,0.29842031022783716,0.4277328139406721
10,20,Markov-2 light,0.13198251972064975,0.2578496214706201,0.8837970467923425,0.45,8.375000000000002,0.32503707843075813,0.29777701467806417
10,20,Markov-2 heavy,0.12718464391392542,0.2564910184884897,0.9556165749487273,0.5,11.3125,0.29845420178442494,0.517915537957246
10,50,real-vs-real,0.09689506955406828,0.18461128990809972,0.7114311284679845,0.6,9.0,0.13859258192343732,0.3527847675652752
10,50,Markov-1,0.07605161201051613,0.18271562023317844,0.9496368219410143,0.5,13.375,0.23919070759870067,0.40457640562656627
10,50,Markov-2 light,0.08132899982563516,0.18081230908029255,0.6239222792595468,0.7,9.562500000000002,0.23633881495570325,0.3638600679928267
10,50,Markov-2 heavy,0.08687245782915466,0.18333315911015283,0.7981463419867102,0.6,15.750000000000004,0.21771020017781517,0.32755385230086786
10,100,real-vs-real,0.04797377515388203,0.1005868594121649,0.3354676749173443,0.7,6.249999999999998,0.13751363246677406,0.10918800106779647
10,100,Markov-1,0.04461493437468031,0.11921650595836701,0.8477892701128864,0.5,14.875,0.22462827913250394,0.19294015834914452
10,100,Markov-2 light,0.10539455405986847,0.18790560997540118,1.0438605960776322,0.65,5.999999999999998,0.1399873247337805,0.1956780663937922
10,100,Markov-2 heavy,0.046149950153267075,0.12941290933763472,0.7670262502934647,0.45,15.5,0.1670399845262489,0.2357127212757973
10,300,real-vs-real,0.02638868383744491,0.06896949253501591,0.4277180422671041,0.9,1.5000000000000027,0.04785617554761572,0.18429548866854628
10,300,Markov-1,0.03612555681745114,0.11014876729451334,0.9284614535068406,0.5,20.375000000000004,0.15255198269464026,0.17803041264630035
10,300,Markov-2 light,0.07175739173780431,0.16759659621731826,0.9580094868581354,0.75,6.999999999999998,0.12434289173358157,0.17835158054943545
10,300,Markov-2 heavy,0.04481393496232376,0.1284822896182048,0.8072513876946411,0.65,14.625,0.14976383788614028,0.16337674794685608
10,581,real-vs-real,0.06206259909748377,0.10448908353840404,0.4760079745629984,0.8,5.086206896551726,0.0517042426831497,0.16191169138115397
10,581,Markov-1,0.04736552417598219,0.11866162087053149,0.9563056114095723,0.5,16.909100688468158,0.09756465888456296,0.1267067465944194
10,581,Markov-2 light,0.08606355508044188,0.15561856933573412,0.8784324558739547,0.8,5.596600688468159,0.10106824285929947,0.11371882965344945
10,581,Markov-2 heavy,0.05610598743323834,0.13768066322114642,1.027529347024147,0.6,12.221600688468161,0.10667968370515017,0.09183778970645329
11,20,real-vs-real,0.12646464646464647,0.3254470938897169,1.5829388763119985,0.35,22.500000000000004,0.6309326276207468,0.7345928993881135
11,20,Markov-1,0.13733826301459123,0.26191457834761367,1.0643179394996785,0.45,17.375,0.3340555567224265,0.3386673133704198
11,20,Markov-2 light,0.1625688966606137,0.3058318947468107,1.4500347265712976,0.6,16.125,0.3221223441966627,0.379982354261823
11,20,Markov-2 heavy,0.14923183698867148,0.29090965410531666,1.1631042593359158,0.55,17.875,0.33172471135964554,0.30044610983978876
11,50,real-vs-real,0.11416068207228154,0.1931399953412532,1.1838167089233813,0.65,6.5,0.25365716984304765,0.19978136733462112
11,50,Markov-1,0.08841995116846876,0.2059287296018297,1.3386008066949981,0.55,15.812499999999998,0.2740751652956127,0.40560535195804703
11,50,Markov-2 light,0.15477045691051236,0.31709324083022905,1.8504789624606812,0.6,9.500000000000002,0.21943476040921908,0.2833843255925412
11,50,Markov-2 heavy,0.1299466865365202,0.2704920868830828,1.7982847454179731,0.55,16.562499999999996,0.2841516970295922,0.31837645731975767
11,100,real-vs-real,0.03308164173163821,0.11619184240059607,0.620173046625617,0.85,8.249999999999998,0.18374797847348018,0.7967358025317957
11,100,Markov-1,0.03560300352788876,0.12038592070751095,1.058274057844764,0.65,13.5,0.14149466664595672,0.25065581773550716
11,100,Markov-2 light,0.08520627811122321,0.20658312424463438,1.1575724893173271,0.75,9.5,0.15084236076865948,0.35767227372342425
11,100,Markov-2 heavy,0.061930457947476744,0.1651392222894561,1.0999318822858368,0.65,12.812499999999998,0.1508557927638099,0.2336248055140417
11,300,real-vs-real,0.04025641912544661,0.09764105983293411,0.5707246353092643,0.9,4.083333333333331,0.06920541995313453,0.10844952851823048
11,300,Markov-1,0.04628106640041428,0.11114839701410797,0.9087608131112347,0.4,20.5625,0.1356224975972823,0.14517163517069742
11,300,Markov-2 light,0.09695214688913231,0.18980644126998336,1.1471501427100594,0.75,3.937499999999999,0.18409869153993896,0.17539425779063814
11,300,Markov-2 heavy,0.05045164964674087,0.132729048365614,0.8553833700167993,0.55,13.5625,0.15913981912077677,0.17415987181319137
11,581,real-vs-real,0.04484652405638273,0.08176710216597197,0.45347633803148274,0.85,5.60344827586207,0.05361800788652341,0.058045112316214835
11,581,Markov-1,0.05888080410646103,0.13403531373765654,1.0222648275134465,0.6,19.409100688468158,0.14437767421674705,0.11527117515740788
11,581,Markov-2 light,0.06754552868838323,0.14354401719471263,0.7683497410443542,0.8,4.97160068846816,0.1469784717987899,0.12730689049813473
11,581,Markov-2 heavy,0.047771499383369734,0.11587624135891841,0.8501124991725069,0.65,14.096600688468161,0.1166385472888335,0.0980266517276886
12,20,real-vs-real,0.11400359066427287,0.3072760511882998,1.5140828677839848,0.45,12.499999999999996,0.3750614379020516,0.3714682666100315
12,20,Markov-1,0.08268375054234481,0.20372418805577225,1.1126447589427073,0.55,18.000000000000004,0.23726863879467883,0.2790445818595637
12,20,Markov-2 light,0.07855970846205407,0.21555565655714481,1.0986482554710661,0.7,16.0,0.22839099479195335,0.2082943243546959
12,20,Markov-2 heavy,0.06707966528575461,0.1963208973827484,1.0085406784983653,0.55,17.4375,0.21957121171422186,0.2826967411038282
12,50,real-vs-real,0.05096985919624522,0.14590797330523358,0.49091276150099683,0.7,8.000000000000002,0.19065457932072138,0.2643717174688348
12,50,Markov-1,0.05262621862891571,0.11176424930572049,0.9205642036309445,0.65,16.9375,0.1759401306482905,0.24084901936465097
12,50,Markov-2 light,0.0799369144608696,0.15515555783760238,1.0209567427115362,0.9,14.75,0.16003164751698956,0.31049855822545647
12,50,Markov-2 heavy,0.053282938315547715,0.12855069337297698,0.8035064640550516,0.65,16.0625,0.09670292071482159,0.3017409311940822
12,100,real-vs-real,0.0737083492581912,0.14093148647392395,0.7421890088992555,0.7,6.000000000000001,0.15630110742268066,0.11651455395446289
12,100,Markov-1,0.034497322133192794,0.09666013717117158,0.7806810500989592,0.6,16.124999999999996,0.12916450301576282,0.25151370061614065
12,100,Markov-2 light,0.07244425080827069,0.1397128333539021,0.9451823906918261,0.75,10.0625,0.11449553735855172,0.27040075501144634
12,100,Markov-2 heavy,0.04122595924552164,0.09427253091731051,0.8501425391372462,0.6,15.75,0.13923263417542683,0.25175353977646253
12,300,real-vs-real,0.02638826678117561,0.08048874096885303,0.4530919981278729,0.75,4.999999999999999,0.07868908143152784,0.23158083447717592
12,300,Markov-1,0.05213144436839398,0.10688201735557792,0.999318374229621,0.55,16.499999999999996,0.15949131069423497,0.13317676123479694
12,300,Markov-2 light,0.07347343951184399,0.1508540657701256,0.8679110639151435,0.8,9.520833333333334,0.12051952483370618,0.10399076865594722
12,300,Markov-2 heavy,0.04971318691952706,0.11410851843467479,0.9632732115556544,0.65,17.562500000000004,0.11889380743739175,0.13299570964749535
12,581,real-vs-real,0.024852133761254502,0.061830452791117145,0.38461414514007936,0.85,2.198275862068967,0.045103161356697855,0.2706195768778006
12,581,Markov-1,0.042259366642137405,0.11056586022840661,1.016500066381162,0.45,16.159100688468158,0.17639786696782545,0.11420331780354823
12,581,Markov-2 light,0.060223779658564944,0.13663562997733283,0.6548866360986382,0.85,5.7841006884681585,0.11894468330626262,0.14985577978089498
12,581,Markov-2 heavy,0.04298238978031853,0.11988642249830245,0.8725437586927781,0.7,14.03410068846816,0.13032913980298827,0.07982684078594218
13,20,real-vs-real,0.1487751860212357,0.37530387747660143,1.7228548596543805,0.5,15.000000000000002,0.48134004600018343,0.3316986934633993
13,20,Markov-1,0.0907304556361107,0.20914914343900318,1.3172270207668442,0.45,12.25,0.30402888145907947,0.20965067303592844
13,20,Markov-2 light,0.10155299246208338,0.2427463541961236,1.2359586651455912,0.45,9.749999999999998,0.28911188670653265,0.22855884930430212
13,20,Markov-2 heavy,0.09925600204157753,0.22214026460601805,1.3100243986890736,0.45,12.187500000000002,0.2807920942426213,0.21802708281036454
13,50,real-vs-real,0.06963533076782114,0.17580627181285746,0.9019837134983215,0.65,8.000000000000002,0.25039602504966496,0.39179655662563584
13,50,Markov-1,0.043767498196615434,0.12335563122976853,0.9288900138011625,0.45,13.375,0.19593918654709147,0.15327372759102958
13,50,Markov-2 light,0.04744278640315981,0.11573647100266635,0.5370332102204406,0.8,9.312499999999998,0.21468394461422044,0.15137597251771076
13,50,Markov-2 heavy,0.04738429696090876,0.13214607642085474,0.8741396233873044,0.45,11.5,0.19043170869504533,0.16602396548959475
13,100,real-vs-real,0.0684226489360985,0.18590199003373364,0.9284783218684349,0.55,8.750000000000002,0.14739767920287783,0.31015782012851495
13,100,Markov-1,0.0579303919948973,0.11484124332137526,0.8646415068957823,0.5,14.3125,0.1713981345424141,0.18689482530880613
13,100,Markov-2 light,0.0658355042878085,0.13493273234904946,0.6218156861034443,0.65,7.250000000000001,0.16564954962495768,0.10997623569156222
13,100,Markov-2 heavy,0.05915378650274963,0.11026609391997858,0.7583350323108018,0.5,13.5,0.18478203573241087,0.10948208988849895
13,300,real-vs-real,0.09788907559696464,0.1714017497873277,0.8569112545815988,0.7,2.1666666666666687,0.07648445176249227,0.11558902149163962
13,300,Markov-1,0.03194307822146922,0.10874774280268967,0.9332743436768484,0.5,16.1875,0.14486127620239767,0.164104847262742
13,300,Markov-2 light,0.06950447246027693,0.16386343256814923,0.9410707275571025,0.8,4.499999999999998,0.1021937264283102,0.1474343028290397
13,300,Markov-2 heavy,0.036106752520367574,0.13108743637922543,0.8332800133954271,0.65,15.562499999999996,0.14900223620422154,0.15787437807174648
13,581,real-vs-real,0.02262113342109196,0.0673919513302698,0.3924090738094523,0.9,4.094827586206897,0.043543028511651094,0.08089364800253926
13,581,Markov-1,0.045373408544636076,0.12010878057348262,0.9427925916006361,0.6,16.659100688468158,0.12735739684277791,0.11200250881990513
13,581,Markov-2 light,0.07307277711960786,0.13688514644290622,0.7677327073474035,0.8,3.416415662650603,0.1609071449235876,0.14268253827585625
13,581,Markov-2 heavy,0.04601281647201905,0.1367177091251541,1.0238051782573916,0.65,11.53410068846816,0.0900632654137696,0.11544058380175891
14,20,real-vs-real,0.21045401469881173,0.42059639389736475,1.7389795209996526,0.35,15.0,0.5169194541469071,0.2501331790844025
14,20,Markov-1,0.14755839930066533,0.24550283222035219,0.7709823841775573,0.4,23.937499999999996,0.34090135225598517,0.5156148789875759
14,20,Markov-2 light,0.13911359320373368,0.24646391323377134,0.647246720940751,0.55,23.125,0.38716726099039955,0.5555742636479433
14,20,Markov-2 heavy,0.13514885488426914,0.25018883362401223,0.7614490772385508,0.45,24.562499999999996,0.39575107511300045,0.6283658470415486
14,50,real-vs-real,0.08272541087659313,0.17146657979041102,0.901595416551001,0.65,6.999999999999998,0.3030958251289372,0.20689981296826448
14,50,Markov-1,0.08368346603502308,0.16320206285807426,0.737802430427272,0.55,14.5625,0.25165150277106885,0.19382899942176346
14,50,Markov-2 light,0.10122330456795031,0.20141698473655087,0.7148842201095579,0.7,11.500000000000002,0.2632482418571408,0.2565573539571036
14,50,Markov-2 heavy,0.079516895052322,0.1541723852169894,0.6449812690564642,0.6,14.750000000000002,0.22832741658466538,0.20353563859833934
14,100,real-vs-real,0.07821582299776078,0.1800624696099358,0.7203451123548225,0.65,7.249999999999999,0.1714781842735456,0.19230877740392602
14,100,Markov-1,0.08174897511730606,0.17090517266145439,0.8656676350589408,0.45,15.312499999999998,0.18430079830045099,0.21218542753069608
14,100,Markov-2 light,0.10991338820602876,0.2245738620900973,1.1785922764596768,0.6,7.812499999999997,0.20384116072377118,0.30498209165088963
14,100,Markov-2 heavy,0.08977653002355897,0.18224853856010953,0.8294392566662281,0.55,14.437499999999998,0.19579507341276978,0.30067059432468646
14,300,real-vs-real,0.041195123369315995,0.08392364883214087,0.4298438481557929,0.8,5.0,0.07506428502342065,0.07478009000521124
14,300,Markov-1,0.05558703523659331,0.11592276684569433,0.8777780796420951,0.45,16.604166666666668,0.1303373776976264,0.11566956696816844
14,300,Markov-2 light,0.05767918057858287,0.12137561815334923,0.6121352287056636,0.7,8.3125,0.15647192850391103,0.158192612304431
14,300,Markov-2 heavy,0.05438501937163198,0.11180083869352,0.6356773969644453,0.6,14.291666666666666,0.16950453287303827,0.1303803447893483
14,581,real-vs-real,0.023850505558079823,0.06581270759482657,0.44245582129766575,0.85,2.370689655172413,0.03467909981129479,0.11906096595770405
14,581,Markov-1,0.0421580591936351,0.10746010343939866,0.9637660220774641,0.55,18.59660068846816,0.10434346943165945,0.07699587279080367
14,581,Markov-2 light,0.06981000729224537,0.14216924729834074,0.8227802059538544,0.85,6.603915662650603,0.11255000162230519,0.14310195852534563
14,581,Markov-2 heavy,0.05024321803256278,0.1278688472682703,0.9049661073485191,0.65,13.221600688468161,0.13052913971704852,0.08998613713475465
15,20,real-vs-real,0.14740062612655347,0.3193666632725792,1.3121249318057828,0.5,15.000000000000002,0.38326131602248903,1.416150211795373
15,20,Markov-1,0.09478874250973461,0.21829652856588677,1.163651806511409,0.5,16.937500000000004,0.3717025868089522,0.25452286655130196
15,20,Markov-2 light,0.11994081511048532,0.23940332023035316,1.1051850905694418,0.65,13.124999999999998,0.3475701930790365,0.24724250105844292
15,20,Markov-2 heavy,0.1106297589225107,0.2234446474110321,1.0300712177462228,0.6,15.625,0.3402187913695814,0.21460722385066183
15,50,real-vs-real,0.097547862527112,0.1790277086444334,0.69483234313377,0.6,9.0,0.24426203320397855,0.6111070505565067
15,50,Markov-1,0.08408614353754251,0.16827372112362127,0.9826598555291663,0.45,15.375,0.2878575024784054,0.19824804635255455
15,50,Markov-2 light,0.1096849885846472,0.21056179449888784,0.9775801903188864,0.6,11.624999999999996,0.2063706429962336,0.14380214503165323
15,50,Markov-2 heavy,0.08963859317792455,0.18026702733737066,0.9026424200407961,0.5,16.0,0.23932222121208538,0.19012838823289643
15,100,real-vs-real,0.029462546864677978,0.1273587236569121,0.786732376497477,0.8,4.250000000000001,0.16215008895475164,0.7221960241729533
15,100,Markov-1,0.07090699002371152,0.16625774965392792,1.051839359398666,0.35,13.8125,0.19630626093973713,0.2126040807904109
15,100,Markov-2 light,0.09377803457585701,0.21407257930985743,1.4298274307149157,0.6,8.6875,0.25603930715955686,0.16947292366499683
15,100,Markov-2 heavy,0.07016015387349,0.17289104897802193,1.2131211953269185,0.45,10.0625,0.2791637252339595,0.12737567527697988
15,300,real-vs-real,0.05636797260385665,0.09140109820163117,0.4591413928847153,0.8,4.583333333333331,0.0811384488346504,0.21694232706854122
15,300,Markov-1,0.06477815405765175,0.1279824546081762,0.9322083900057041,0.5,17.291666666666668,0.15850987552315293,0.07759152055798049
15,300,Markov-2 light,0.09141780213523672,0.1695913936658021,1.021582756829849,0.75,8.020833333333334,0.1579730892433499,0.15117881472335323
15,300,Markov-2 heavy,0.07031606269673324,0.12880910835786002,0.879588514324346,0.6,17.166666666666664,0.13709339929987485,0.10356604382215441
15,581,real-vs-real,0.02694546698756579,0.06233340153627286,0.36878064926981435,0.85,2.7586206896551726,0.029627230030498806,0.10947318334814937
15,581,Markov-1,0.04768518271927992,0.11591279256856507,0.9806855036001288,0.6,16.09660068846816,0.10410658530529202,0.08978154382100234
15,581,Markov-2 light,0.08275752912607204,0.16290222385886147,0.929525422030297,0.8,4.756669535283993,0.13535864990235458,0.12763721493560204
15,581,Markov-2 heavy,0.053850037591829644,0.1362715453769666,0.9961150200500481,0.6,11.28410068846816,0.1440852047130728,0.11902786393713813
16,20,real-vs-real,0.09312925082605843,0.2436522115749012,1.8232889611779306,0.65,13.749999999999998,0.5465404451326652,0.6895922327618124
16,20,Markov-1,0.10077851835149898,0.23135967584666625,1.4952803938498986,0.35,19.125,0.2842703950438131,0.5448514539099467
16,20,Markov-2 light,0.11160050179033526,0.22339718275400822,1.3393526256261044,0.6,16.374999999999996,0.2956947906407535,0.4323746189982926
16,20,Markov-2 heavy,0.09979657404647051,0.2239359737533578,1.4506364720390548,0.5,17.25,0.2784708259255554,0.3893602812194469
16,50,real-vs-real,0.034825545795135665,0.17592761130255846,0.8670578016683328,0.7,5.500000000000001,0.2584210622671179,0.2816158469817926
16,50,Markov-1,0.08370693431442805,0.1811380128836696,1.1730558434084828,0.35,12.75,0.2938709352403751,0.3439987693317611
16,50,Markov-2 light,0.11131095725466586,0.21732333627364503,1.2093560524208413,0.55,9.562500000000002,0.22927892036450342,0.27795555707953246
16,50,Markov-2 heavy,0.08896164150323876,0.18286774898468156,1.1097438092063368,0.45,12.062500000000002,0.22240203399585065,0.308881197354558
16,100,real-vs-real,0.09386911128087597,0.21562080657961186,1.058738857718931,0.65,10.75,0.20685439750911006,0.42952401056116224
16,100,Markov-1,0.0651364306876303,0.149759114723995,0.9161403464656102,0.35,13.937499999999996,0.15977444554317888,0.26615415546650556
16,100,Markov-2 light,0.09238766199750123,0.21413522759085493,1.0967000990347688,0.6,4.687500000000002,0.1742034585551857,0.31024883353510263
16,100,Markov-2 heavy,0.06738329370343413,0.1634475769684462,0.73647346909379,0.5,13.999999999999998,0.16843826553222507,0.26405017133389935
16,300,real-vs-real,0.035810790582092925,0.07802809406381922,0.47046984581714096,0.8,3.333333333333334,0.06313545564773322,0.14566454846171337
16,300,Markov-1,0.032810867480021155,0.09442453228284578,0.9312887498819555,0.4,16.770833333333336,0.10176393083923335,0.13172333902901898
16,300,Markov-2 light,0.07248529195390968,0.1324773824620996,0.7654810928717042,0.75,7.645833333333335,0.11215715244054544,0.12430580494750522
16,300,Markov-2 heavy,0.041230226696338745,0.11120958101808434,0.8124862839342897,0.45,12.708333333333332,0.09330280130289283,0.13311099848581065
16,581,real-vs-real,0.025331414367360184,0.05978169273154954,0.3917786307436803,0.8,4.612068965517242,0.0360776438846032,0.11807683501092942
16,581,Markov-1,0.048938254120600835,0.12455697665344045,1.031088613888742,0.5,14.659100688468158,0.14581506691497503,0.09491921768707484
16,581,Markov-2 light,0.06978394579026184,0.1458428521710727,0.8700569497935842,0.8,3.5414156626506035,0.1790123790493683,0.14515459099272462
16,581,Markov-2 heavy,0.049606847877191856,0.12985456045316565,0.9594218571344465,0.7,15.159100688468158,0.13849077297722392,0.14248140012828953
17,20,real-vs-real,0.19492644285175403,0.3375089477451682,1.2192159335360877,0.35,16.249999999999996,0.46226656987752957,0.5615013348275674
17,20,Markov-1,0.12528954064303602,0.23740624847475827,1.0725996963533089,0.45,17.625,0.3680977354266977,0.3017361463489809
17,20,Markov-2 light,0.14082227192632574,0.26070664724417736,1.4479946815082398,0.45,17.1875,0.4798777973718555,0.18976898992290894
17,20,Markov-2 heavy,0.12346726970084819,0.2426066828128684,1.115373855127159,0.5,18.4375,0.36996619520392365,0.2223690466793711
17,50,real-vs-real,0.10458335308819248,0.21779368638951185,1.0368094877849354,0.75,7.000000000000001,0.18980361510196075,0.7887162715327677
17,50,Markov-1,0.04204518828285719,0.11666558265072981,0.9468439932813673,0.4,17.125,0.3199281071659127,0.3148361601637718
17,50,Markov-2 light,0.07869010492215453,0.17997464240487143,0.837212817946823,0.55,15.812500000000002,0.3259117638640568,0.3961541637598066
17,50,Markov-2 heavy,0.05032771768721034,0.11679784031582668,0.7569343713922028,0.55,16.625,0.30426362744882307,0.32198708013285904
17,100,real-vs-real,0.10204614889853672,0.17874588729115687,0.9044340069350768,0.8,6.499999999999997,0.15584370359552166,0.42830941433753245
17,100,Markov-1,0.041279690820394684,0.11645183728936731,0.8410953470148311,0.45,15.375000000000002,0.26302709316348283,0.32568254402811075
17,100,Markov-2 light,0.07938653742100245,0.15526825655337148,0.7785087838438253,0.8,9.0625,0.21834710015643458,0.20820706770288908
17,100,Markov-2 heavy,0.045210178709881345,0.11145792935152671,0.8157135867647256,0.6,15.0625,0.26086638033794296,0.27747309836857437
17,300,real-vs-real,0.06281711472926921,0.12404186200718931,0.6933081631728493,0.85,2.1666666666666696,0.10539204492129392,0.2021722582149274
17,300,Markov-1,0.05574189852807228,0.13635409743922286,1.1548644824693446,0.5,16.937500000000004,0.11412832486663457,0.16661119157517634
17,300,Markov-2 light,0.08762039019054205,0.17828028522467781,1.0540244853596543,0.75,6.2291666666666705,0.13414802873401033,0.24262593135981947
17,300,Markov-2 heavy,0.06309459693109978,0.1455218274679856,1.0228554404019217,0.6,13.562500000000002,0.16222549257789382,0.1993834303786972
17,581,real-vs-real,0.033633392160900576,0.07158343403117594,0.4215651453574767,0.9,2.370689655172411,0.041667589789412915,0.07836137748461988
17,581,Markov-1,0.04988840106590375,0.12093874366795422,1.042239757775458,0.5,18.846600688468158,0.13435343779293593,0.08891975679850103
17,581,Markov-2 light,0.06526163066260662,0.1509232323831126,0.8615380095635238,0.85,6.84660068846816,0.13465545360204847,0.10016173342786246
17,581,Markov-2 heavy,0.05841474689623298,0.12615578925084142,0.9035382590141038,0.65,12.34660068846816,0.15988440874535167,0.09090676748366841
18,20,real-vs-real,0.13398722627737228,0.3070625610948191,1.3456447259136215,0.55,17.500000000000004,0.4391954492727094,0.5649387208660179
18,20,Markov-1,0.09820779539322588,0.18387427807741874,1.1804125859686665,0.65,12.562499999999998,0.28542104862925943,0.1293406277924554
18,20,Markov-2 light,0.10174347391146062,0.19715097323090272,1.2156507785057522,0.75,8.5,0.32704609936647283,0.10631110524897473
18,20,Markov-2 heavy,0.09527842100684318,0.17983455276820223,1.1343505699878065,0.7,11.0,0.30759684800139103,0.20998191337753638
18,50,real-vs-real,0.14042696363340582,0.27868615337061065,1.0058343279412887,0.45,6.000000000000001,0.2063783391242599,0.3338072228172592
18,50,Markov-1,0.06782082324455203,0.15294138905315724,0.624866440359709,0.5,17.5,0.2068039793211418,0.13749207499203286
18,50,Markov-2 light,0.07681658284152687,0.17431740986569444,0.7859841572362599,0.6,12.375000000000002,0.2324702243820917,0.11563154465391833
18,50,Markov-2 heavy,0.07083885399638647,0.1542497019247147,0.580240402575428,0.55,15.375,0.25942024740344605,0.22572077170736085
18,100,real-vs-real,0.057507648844551444,0.14884132781920087,0.6639274892385506,0.75,5.999999999999999,0.17423916991027633,0.24866114204346462
18,100,Markov-1,0.0564854626728659,0.1296179358136522,0.8161972118883121,0.55,16.875,0.19025142131845127,0.10403694811968275
18,100,Markov-2 light,0.08023609818267957,0.16947435645683734,0.709602101198451,0.75,6.062499999999997,0.19815189075955075,0.14965013492574678
18,100,Markov-2 heavy,0.06822507686570113,0.15123236236833487,0.7498215640628106,0.6,14.1875,0.18138005777077226,0.1335695987673021
18,300,real-vs-real,0.01362021616397346,0.050342479371706925,0.22867950796578448,0.85,1.6666666666666656,0.07235928841078963,0.06105327848064576
18,300,Markov-1,0.023321876098319302,0.1023112964735479,0.8655167753170357,0.4,14.770833333333332,0.09407833937295916,0.10487382987382987
18,300,Markov-2 light,0.07871383295364484,0.17063784350934474,0.9555112461433116,0.75,8.333333333333332,0.12099593356038256,0.16761629574129575
18,300,Markov-2 heavy,0.03945335892561097,0.12079402179217116,0.7423815967008646,0.55,13.583333333333334,0.17584290434329342,0.08488166925666925
18,581,real-vs-real,0.03657856298587063,0.08844320675491966,0.6210918546537217,0.85,3.1034482758620676,0.0561931408763654,0.1537642666730653
18,581,Markov-1,0.04185810967593635,0.10998835615248023,0.9558033294877024,0.55,16.659100688468158,0.10239667715220241,0.11936422832160158
18,581,Markov-2 light,0.0917453917447037,0.15807665752831024,0.9153194656309739,0.8,6.0414156626506035,0.2019801727677416,0.1313119819888253
18,581,Markov-2 heavy,0.038754420026910874,0.12417355113671871,0.8671225430106967,0.65,12.284100688468158,0.1201138066926836,0.11615960124744686
19,20,real-vs-real,0.1128322142254031,0.2930100675417357,1.0479995059122094,0.35,13.749999999999998,0.6004924771202773,0.7807519788116803
19,20,Markov-1,0.13523956203270815,0.2553079645110006,1.1720611149556042,0.4,15.124999999999996,0.37377485825574175,0.14060065107324762
19,20,Markov-2 light,0.12431485190260355,0.23186849829344566,1.1913562816951802,0.55,13.437500000000002,0.29533211871921783,0.19342582518582624
19,20,Markov-2 heavy,0.14499793818765383,0.2705926417572975,1.248702033721135,0.35,15.812500000000002,0.3302978433282909,0.1523496202321542
19,50,real-vs-real,0.13016781130167815,0.2543092152994198,1.3559982498837817,0.6,9.000000000000002,0.3907333306962318,0.4916092622043342
19,50,Markov-1,0.07951456914025157,0.15800397429979215,0.7915888490294095,0.35,14.687499999999998,0.21244695737220304,0.18468516148902098
19,50,Markov-2 light,0.11374280478212223,0.1894927036991329,0.8590929974199548,0.7,8.625000000000002,0.17584246493089944,0.16419730976306135
19,50,Markov-2 heavy,0.08810612138286164,0.16524312503241012,0.7085926272940789,0.45,12.687499999999998,0.2195656308600486,0.20834577830605353
19,100,real-vs-real,0.06702725721456972,0.16510122260472893,0.9300880219598634,0.65,8.250000000000002,0.17726409027545884,0.25023790225959414
19,100,Markov-1,0.046267671782285885,0.12533833583309387,1.0128352356609174,0.6,15.437500000000002,0.10392137529760356,0.10343980219296486
19,100,Markov-2 light,0.07021914864056392,0.13481462584639087,0.8403786968700897,0.75,7.125000000000001,0.1304006395799332,0.15997347150181046
19,100,Markov-2 heavy,0.0509109878830147,0.11770241409318405,0.9750072851254541,0.55,16.125,0.10799215709874843,0.13216494934448456
19,300,real-vs-real,0.052356254423127246,0.10458062772242444,0.46676220989780154,0.7,6.416666666666665,0.06681595660210565,0.07636575987276503
19,300,Markov-1,0.04558270450975778,0.11494920369066391,1.0166494625150433,0.5,14.958333333333334,0.09818101960709383,0.1415846447392045
19,300,Markov-2 light,0.07547735477808262,0.13937288849892568,0.782932700900005,0.8,5.291666666666664,0.1620879331473668,0.21312231077799232
19,300,Markov-2 heavy,0.04716015118159858,0.12715843566738266,0.9350801196669591,0.6,17.708333333333332,0.12369486045336303,0.14780467152905302
19,581,real-vs-real,0.03198729134886425,0.08135799669818462,0.5788655702721601,0.9,2.7586206896551717,0.0391355913770603,0.13930504840561617
19,581,Markov-1,0.053459546550096146,0.11921905111939607,0.9622337376344476,0.5,14.72160068846816,0.12355776982621143,0.12876001206934387
19,581,Markov-2 light,0.0789635784353372,0.14550007461762587,0.8457311980254952,0.8,6.153291738382103,0.1157268339699486,0.14244294491990345
19,581,Markov-2 heavy,0.05178501685956449,0.1151970140391059,0.8604545195648458,0.7,14.159100688468158,0.10792249895359932,0.09822892401377424
