rep,auc_shadow,auc_simple,n_shadow_examples,n_target_eval
0,0.5185298479792363,0.47578791249536523,11620,581
1,0.5115962180200222,0.4769280682239526,11620,581
2,0.49582869855394884,0.4910456062291435,11620,581
3,0.4866054875787913,0.4675565443084909,11620,581
4,0.47492584352984796,0.4912866147571376,11620,581
5,0.48677233963663324,0.4700037078235076,11620,581
6,0.503513162773452,0.47275676677790146,11620,581
7,0.5195680385613645,0.45334631071560993,11620,581
8,0.5068594734890619,0.46078976640711905,11620,581
9,0.4919540229885058,0.4902206154987022,11620,581
