n,method,Q1_category_share_TV,Q1_category_share_TV_ci,Q2_flow_TV,Q2_flow_TV_ci,Q3_motif_MAE_pp,Q3_motif_MAE_pp_ci,Q3_motif_recall20,Q3_motif_recall20_ci,Q4_reach_MAE_pp,Q4_reach_MAE_pp_ci,Q5_time_of_day_JSD,Q5_time_of_day_JSD_ci,Q6_dwell_relerr,Q6_dwell_relerr_ci
20,Markov-1,0.10656892068388972,0.011319679962447208,0.22036404248110877,0.015123760132821653,1.0885449450765972,0.10372662433734688,0.4774999999999999,0.042594183035972,17.034375,2.100315315636953,0.329754343110816,0.023296851464334346,0.3084740436748982,0.09274042589451335
20,Markov-2 heavy,0.11085205464524735,0.011882024116698262,0.22854835383505864,0.01700663654476283,1.0759346666861247,0.10767933074617557,0.53,0.04517197243350674,16.196875,2.2446240749321875,0.3262724282477409,0.023463759786484437,0.29736648264146337,0.08085056351518632
20,Markov-2 light,0.11678736225859063,0.010988981718072704,0.23630379564177195,0.01519116528222604,1.1266446701190318,0.11750239967579411,0.5825,0.04313209458347703,14.328125,2.1534258420043364,0.3360713226306115,0.028528562940024486,0.2975795300350409,0.08445528643153434
20,real-vs-real,0.16291979069249135,0.023102080987317433,0.3323988906089101,0.026449124943831285,1.4494411345085116,0.10660242654043312,0.43,0.055480204337189386,16.125,1.7385549125928232,0.48527129829290255,0.046946721286083466,0.7082566608965921,0.21649887985761881
50,Markov-1,0.06940944422755127,0.0073108842119930266,0.1585400872895157,0.01172635759859262,0.9457776582302447,0.07147392427599178,0.4625,0.046724401181297955,14.721875,1.3414680724526429,0.2410918965111078,0.01957960150254058,0.2580418224218305,0.043662397399943334
50,Markov-2 heavy,0.07757759600771481,0.009489741258630722,0.16896050353419576,0.015561656783675446,0.8863622037359165,0.11760250392817377,0.5349999999999999,0.03230031151699329,14.009375,1.4335383799976884,0.23589551071121911,0.022041950747213875,0.25017239173459893,0.03570769776418468
50,Markov-2 light,0.0935750570595841,0.010247723053622782,0.19285588423037942,0.017570791113431322,0.9643855067511072,0.12509178606447532,0.66,0.044008550255117636,11.0375,1.2476117685628973,0.23278134660530383,0.021769521770725542,0.23881044007140648,0.04576429738177302
50,real-vs-real,0.09838868773247544,0.01657454682722444,0.20815833412882637,0.017627857895543404,1.0226301111194398,0.12326725172787494,0.6324999999999998,0.041774330593292545,9.075,1.2979658256825701,0.274536989203933,0.029801368083291483,0.514511319629505,0.1481521873015134
100,Markov-1,0.057740426826531355,0.006793981715272112,0.13047527891155924,0.010096247134099371,0.9097904168946404,0.04770575199743779,0.4725,0.04709304122418695,15.696875,1.1111806768822245,0.17696849691034464,0.018128944950782454,0.18596254043092364,0.027923297075984923
100,Markov-2 heavy,0.06389078333549111,0.006572572489697434,0.13879450057549778,0.01120752809366768,0.8775118925008831,0.07085250622770368,0.525,0.035203565606104964,14.6,1.1634514307089305,0.17986913950335034,0.020542932258448734,0.18031647945915355,0.02882831619184609
100,Markov-2 light,0.08608042187507242,0.009565795266597829,0.17008156809022118,0.014800304142324767,0.9217960889784731,0.11414925583083654,0.67,0.03900941044994268,8.578125,1.149804019520924,0.1767086902740599,0.017328295529851732,0.1921534929714694,0.03327569784592719
100,real-vs-real,0.07201749916025418,0.009824615380919974,0.15654823334250295,0.012641722016826867,0.7494200478759245,0.10169038132094481,0.7250000000000001,0.03680453665003334,7.25,0.9134330254918782,0.1729959197404301,0.01239328328314661,0.3133592002432243,0.08494681201929606
300,Markov-1,0.04652450790333036,0.005896206431472691,0.114866083557004,0.006138831429430013,0.9479197098850886,0.02992379170318533,0.4800000000000001,0.022004275127558818,16.86875,0.9106630876966602,0.1322092920784504,0.011222131077994538,0.12479829123123556,0.01578478269243646
300,Markov-2 heavy,0.050669058664808295,0.004365260124661255,0.12920228372647796,0.006908311109951542,0.8516954370312726,0.0403827562850884,0.5824999999999999,0.027662070784289818,14.56875,0.9320061886732273,0.14141693563199603,0.012378827922280311,0.1339396948087875,0.0156947069287299
300,Markov-2 light,0.081295329884555,0.0069645312724152175,0.16445079474432892,0.010697149140545597,0.928661804048844,0.08409419827009677,0.7525000000000001,0.020757403229165267,7.267708333333333,0.7218014541095485,0.14726834888753362,0.011566978803675165,0.15718764968387222,0.016836419056398877
300,real-vs-real,0.04330460504578435,0.008223622678540626,0.09331408853173936,0.012208142369085212,0.5251895963989196,0.0715414559528618,0.8275,0.031737741287301974,3.7208333333333337,0.6995397339666098,0.07219669125088458,0.00623471144412261,0.15841591750833076,0.030846637929916473
581,Markov-1,0.048062485930567694,0.002199244609731949,0.11749190586822558,0.00342731355812166,0.9882195413457637,0.015275933589061234,0.5225000000000001,0.020757403229165257,16.796600688468153,0.7050683816015744,0.12304605086132121,0.010093919415333481,0.10787704962568152,0.008940833363877505
581,Markov-2 heavy,0.0482115777659664,0.0027943221911510222,0.1251035526399104,0.0042809154865903355,0.9230487630848755,0.029921999931585973,0.6525,0.016060680522869953,12.88097568846816,0.6747073835949662,0.12123195144037949,0.007937100543110745,0.11476916984225452,0.011030960076914701
581,Markov-2 light,0.07264877779522853,0.004238647372473756,0.14621207651402834,0.005054315250948996,0.8305409745689409,0.036345815849028316,0.8025,0.017764765750717053,5.722160068846817,0.611263959924307,0.137656674567965,0.012301025717560178,0.13777542422055672,0.009912080033400293
581,real-vs-real,0.031006983100439957,0.005509156727511123,0.07207940420854907,0.005574165397304381,0.4268870329962409,0.039262092205607106,0.8625,0.021305547778600335,3.1422413793103443,0.5741682085624629,0.03975817491767466,0.003554856576723468,0.12047813967148295,0.026829574621522502
