n,metric,d_mean,wilcoxon_p
20,Q1_category_share_TV,0.010218441574700898,0.0042209625244140625
20,Q2_flow_TV,0.015939753160663133,0.001209259033203125
20,Q3_motif_MAE_pp,0.03809972504243463,0.5705966949462891
20,Q3_motif_recall20,0.10500000000000001,0.0005053945511545851
20,Q4_reach_MAE_pp,-2.7062500000000003,0.00013975815374142757
20,Q5_time_of_day_JSD,0.006316979519795547,0.6742229461669922
20,Q6_dwell_relerr,-0.010894513639857372,0.5458755493164062
50,Q1_category_share_TV,0.02416561283203285,1.9073486328125e-06
50,Q2_flow_TV,0.034315796940863716,9.5367431640625e-06
50,Q3_motif_MAE_pp,0.018607848520862492,0.49800872802734375
50,Q3_motif_recall20,0.19749999999999998,8.523520069295666e-05
50,Q4_reach_MAE_pp,-3.684375,1.33514404296875e-05
50,Q5_time_of_day_JSD,-0.008310549905804054,0.49800872802734375
50,Q6_dwell_relerr,-0.019231382350423973,0.13272666931152344
100,Q1_category_share_TV,0.02833999504854106,1.9073486328125e-06
100,Q2_flow_TV,0.03960628917866196,9.5367431640625e-06
100,Q3_motif_MAE_pp,0.012005672083832731,0.9854354858398438
100,Q3_motif_recall20,0.19749999999999998,8.128491040753147e-05
100,Q4_reach_MAE_pp,-7.11875,1.9073486328125e-06
100,Q5_time_of_day_JSD,-0.0002598066362847776,0.7841262817382812
100,Q6_dwell_relerr,0.006190952540545763,0.6476554870605469
300,Q1_category_share_TV,0.034770821981224644,3.814697265625e-06
300,Q2_flow_TV,0.049584711187324916,1.9073486328125e-06
300,Q3_motif_MAE_pp,-0.019257905836244472,0.6742229461669922
300,Q3_motif_recall20,0.27249999999999996,8.023219919057625e-05
300,Q4_reach_MAE_pp,-9.601041666666667,1.9073486328125e-06
300,Q5_time_of_day_JSD,0.015059056809083187,0.0758514404296875
300,Q6_dwell_relerr,0.03238935845263665,0.0031528472900390625
581,Q1_category_share_TV,0.024586291864660846,1.9073486328125e-06
581,Q2_flow_TV,0.028720170645802744,3.814697265625e-06
581,Q3_motif_MAE_pp,-0.15767856677682268,1.9073486328125e-06
581,Q3_motif_recall20,0.27999999999999997,7.781633336064622e-05
581,Q4_reach_MAE_pp,-11.074440619621344,1.9073486328125e-06
581,Q5_time_of_day_JSD,0.014610623706643785,0.069580078125
581,Q6_dwell_relerr,0.029898374594875165,4.76837158203125e-05
