rep,n,sem_genTV,exact_copies,DCR_synth,DCR_base,dDCR,n_states,obs_bigrams,median_support,sessions,visits,transitions,pct_supp_lt5,pct_supp_lt10
0,10,0.2926261115164803,0,0.29075341988825737,0.22236716639334078,0.06838625349491659,188,2283,24,471,15736,15265,0.0,25.0
0,20,0.25058489679290447,0,0.27377335350589665,0.19269482549911307,0.08107852800678358,243,3390,34,1094,43451,42357,0.0,18.1
0,30,0.2980959542852971,0,0.22953902151203834,0.2120193643668911,0.01751965714514725,338,5188,38,2081,90536,88455,0.0,18.9
0,50,0.3035912872876679,0,0.2595621520017838,0.22335394066122305,0.036208211340560736,474,8619,39,3740,171893,168153,0.0,16.7
0,75,0.30947076034291754,0,0.22004200388527673,0.193459856605233,0.02658214728004374,526,10388,45,5216,242085,236869,0.0,16.3
0,100,0.28079635243647105,0,0.2491433409242552,0.19607836584570823,0.05306497507854696,569,11992,55,7025,355673,348648,0.0,17.2
0,150,0.2676661491916897,0,0.26034609423337324,0.216354357764466,0.04399173646890725,640,15366,69,13286,641600,628314,0.0,10.8
0,152,0.24957700100826588,0,0.23851969826489572,0.20439906372241806,0.03412063454247766,641,15464,70,13370,647240,633870,0.0,9.8
1,10,0.28834404472207786,0,0.2187158546321846,0.2800109254652253,-0.06129507083304073,252,3825,21,798,42045,41247,0.0,27.8
1,20,0.37611715335483353,0,0.2485960358908251,0.24687302984730403,0.0017230060435210748,359,5741,24,1612,81080,79468,0.0,22.3
1,30,0.283980068762436,0,0.2752000268993413,0.2573095421989174,0.017890484700423925,452,8269,30,3891,168094,164203,0.0,18.6
1,50,0.30012889142768623,0,0.24482340078707046,0.19579489067712866,0.0490285101099418,510,10360,39,5135,250691,245556,0.0,15.9
1,75,0.27125233894355694,0,0.25375544255275145,0.21428557959062808,0.039469862962123375,573,12461,51,7412,391174,383762,0.0,14.8
1,100,0.26648127734735816,0,0.2302238127342706,0.20947100792668255,0.020752804807588038,621,14357,62,11512,561295,549783,0.0,13.0
1,150,0.24531022461996999,0,0.2595878458702556,0.2283195984170711,0.03126824745318446,641,15421,70,13274,644227,630953,0.0,9.8
1,152,0.24411096234298338,0,0.23832506463348083,0.22634470740289075,0.011980357230590072,641,15464,70,13370,647240,633870,0.0,9.8
2,10,0.2580646682604579,0,0.21976389353508388,0.27937457246415753,-0.05961067892907365,295,3802,30,794,50126,49332,0.0,16.9
2,20,0.26358893967625946,0,0.2374634159208047,0.2360144666593016,0.0014489492615031019,325,4585,31,1348,70052,68704,0.0,13.8
2,30,0.2621128830242877,0,0.2774063897004552,0.24274172794391702,0.034664661756538206,383,5963,40,1817,103444,101627,0.0,13.6
2,50,0.26869616419569237,0,0.26752342842519833,0.21671631341308473,0.0508071150121136,435,7699,44,2862,144622,141760,0.0,14.0
2,75,0.25782347683775375,0,0.2623730230775106,0.22442400564549592,0.037949017432014676,537,10600,46,5852,271473,265621,0.0,16.9
2,100,0.24392854384415016,0,0.26601633255783735,0.2121300675679114,0.053886264989925964,593,12988,50,8057,396459,388402,0.0,14.0
2,150,0.266087887228683,0,0.26916004504575464,0.22097309523094036,0.04818694981481428,641,15441,70,13332,645755,632423,0.0,9.8
2,152,0.24197417765063506,0,0.24751154348658036,0.20609313374342358,0.041418409743156775,641,15464,70,13370,647240,633870,0.0,9.8
3,10,0.2675255959657702,0,0.26833606183336756,0.26296952729218537,0.0053665345411821885,283,3945,34,738,42579,41841,0.0,19.4
3,20,0.246426303851489,0,0.28439355331027266,0.2646364018424696,0.019757151467803047,350,5696,33,1631,86352,84721,0.0,17.1
3,30,0.24424442222687015,0,0.273106155606855,0.2457174568547955,0.02738869875205946,409,7016,30,1977,104979,103002,0.0,20.0
3,50,0.25505980040475323,0,0.2553253007620211,0.22025675953172552,0.03506854123029557,507,9844,45,4115,240547,236432,0.0,17.4
3,75,0.2783315768897995,0,0.23124051403748283,0.18984236947075211,0.041398144566730716,567,11696,48,6139,337245,331106,0.0,17.5
3,100,0.28152338380756947,0,0.22012226662709414,0.19887495058048502,0.02124731604660912,605,13422,63,9646,476071,466425,0.0,15.0
3,150,0.26752641361232893,0,0.22625837018743739,0.20559281960483555,0.020665550582601833,641,15429,70,13306,644434,631128,0.0,9.8
3,152,0.23554330022493658,0,0.2413893963474418,0.19630960307687703,0.04507979327056477,641,15464,70,13370,647240,633870,0.0,9.8
4,10,0.246487354476114,0,0.1958852217360646,0.2599848333642403,-0.06409961162817568,219,2725,22,535,26828,26293,0.0,26.9
4,20,0.25498881620120156,0,0.24164417374362018,0.2711789391327275,-0.02953476538910732,282,3988,26,811,46380,45569,0.0,22.3
4,30,0.31006571310325337,0,0.25547000360122757,0.21942271737911034,0.036047286222117225,389,6547,29,2623,115827,113204,0.0,21.9
4,50,0.3230435368210361,0,0.23156110657681353,0.19730915521578654,0.03425195136102699,464,8397,35,3811,182561,178750,0.0,21.8
4,75,0.2873284576660933,0,0.25828397859781327,0.24102427383893404,0.017259704758879224,545,11163,42,5468,269708,264240,0.0,18.0
4,100,0.29490760001670596,0,0.23373029740789916,0.18581833757033403,0.04791195983756513,594,12663,47,7199,347549,340350,0.0,16.2
4,150,0.2682100890910584,0,0.22444876633401598,0.1865968722490963,0.03785189408491968,638,15269,69,12961,625103,612142,0.0,10.0
4,152,0.24776703466868158,0,0.23804941753637174,0.2027348022586982,0.035314615277673544,641,15464,70,13370,647240,633870,0.0,9.8
5,10,0.2272664556054643,0,0.23142946964194233,0.2777794331061997,-0.04634996346425735,237,3093,26,729,39894,39165,0.0,24.5
5,20,0.34281436811717797,0,0.26078736411661824,0.24186140312093515,0.018925960995683083,293,3822,29,1045,53929,52884,0.0,24.9
5,30,0.311555324462066,0,0.2669989232654906,0.23791624221959165,0.029082681045898923,387,6232,47,1893,118007,116114,0.0,18.6
5,50,0.26471818507222494,0,0.2809751708210875,0.20900557295501448,0.07196959786607304,472,8816,41,4450,217071,212621,0.0,16.5
5,75,0.28183720386723865,0,0.24530295585146217,0.21595814826688825,0.029344807584573918,566,11552,46,7546,341797,334251,0.0,17.8
5,100,0.2640940813669232,0,0.25539771402173606,0.2033372282441748,0.052060485777561255,601,13495,56,10203,487226,477023,0.0,15.0
5,150,0.2430983900595083,0,0.2396287492471992,0.20065429084572334,0.03897445840147587,641,15439,70,13341,644971,631630,0.0,9.8
5,152,0.2715100110668335,0,0.2644699970894257,0.2261667249030598,0.038303272186365894,641,15464,70,13370,647240,633870,0.0,9.8
6,10,0.3184065032901415,0,0.20972238255949818,0.231681888560339,-0.021959506000840817,300,4281,27,1437,65417,63980,0.0,19.3
6,20,0.284535975121262,0,0.2747151382979323,0.2895939415613324,-0.014878803263400076,416,7089,28,3559,151300,147741,0.0,19.0
6,30,0.2928911848269597,0,0.2549669250580664,0.24951114301504052,0.005455782043025881,449,8139,35,4462,196555,192093,0.0,19.8
6,50,0.2509178257173759,0,0.2696762101779144,0.259161457912776,0.010514752265138372,504,9900,43,5855,262163,256308,0.0,19.0
6,75,0.25470261360781693,0,0.23113968705237148,0.23097012336871414,0.00016956368365733665,571,11956,56,8744,403641,394897,0.0,14.7
6,100,0.25745120933631505,0,0.2582893275888495,0.22627766354753415,0.032011664041315335,607,13340,59,10144,479946,469802,0.0,14.3
6,150,0.2473039134085961,0,0.2145354348908399,0.18202036489493928,0.03251506999590062,641,15454,70,13354,646104,632750,0.0,9.8
6,152,0.24006974552076865,0,0.2310498062308214,0.19976483145434967,0.03128497477647171,641,15464,70,13370,647240,633870,0.0,9.8
7,10,0.26242472544461093,0,0.21749578489096763,0.2662388130049069,-0.048743028113939296,330,4630,31,2129,82664,80535,0.0,17.0
7,20,0.26136765676599644,0,0.21634075327940194,0.25889341681495825,-0.04255266353555631,382,5748,32,2602,104116,101514,0.0,16.5
7,30,0.25930711339442664,0,0.24740694627658377,0.23219252617207184,0.015214420104511933,410,6581,35,3028,122513,119485,0.0,17.1
7,50,0.27679381633942857,0,0.25714430298395663,0.22107511077306366,0.03606919221089297,463,8093,43,4669,196636,191967,0.0,16.8
7,75,0.25862837238240094,0,0.23196088323057848,0.19763938688801372,0.03432149634256476,513,9885,52,6043,274300,268257,0.0,13.1
7,100,0.27060663683100233,0,0.23796826919378664,0.21773279583911923,0.02023547335466741,577,12033,58,7909,401226,393317,0.0,13.9
7,150,0.2633265899622721,0,0.2575377485636677,0.19515907436637106,0.06237867419729662,641,15458,70,13358,647120,633762,0.0,9.8
7,152,0.2489080596491842,0,0.23282272317685165,0.19649488527062622,0.03632783790622543,641,15464,70,13370,647240,633870,0.0,9.8
8,10,0.29326522343798966,0,0.28313000313611375,0.293962178377423,-0.01083217524130925,123,1445,23,220,6700,6480,0.0,26.8
8,20,0.28630467427969475,0,0.27730972788568237,0.22198380619719807,0.0553259216884843,279,4115,24,734,33256,32522,0.0,25.4
8,30,0.27328617978667546,0,0.2683870183937959,0.21957157283406192,0.048815445559733994,339,5504,28,1585,70461,68876,0.0,21.8
8,50,0.28698825706980946,0,0.2600556903455256,0.21839162870792214,0.04166406163760347,494,9367,32,4575,190985,186410,0.0,18.8
8,75,0.2861548004579198,0,0.26864808641866506,0.21765221950646862,0.05099586691219643,539,10756,38,5732,266620,260888,0.0,16.3
8,100,0.2740190506066117,0,0.2678823709698396,0.21557675037341392,0.052305620596425656,580,12113,42,7448,346599,339151,0.0,16.4
8,150,0.24752946483518887,0,0.2551345731552267,0.20082473859187258,0.054309834563354115,635,15149,63,11743,591601,579858,0.0,10.9
8,152,0.25748696813455124,0,0.23656322473658364,0.2060437218124163,0.030519502924167358,641,15464,70,13370,647240,633870,0.0,9.8
9,10,0.3196720218022881,0,0.2822992675901707,0.2836045283698662,-0.0013052607796955051,168,1614,18,257,9895,9638,0.0,29.2
9,20,0.2723877553975696,0,0.2647292979560991,0.25827879063040016,0.006450507325698962,292,3871,29,893,46292,45399,0.0,18.5
9,30,0.2534586419488607,0,0.2616431813816357,0.2344206585110033,0.027222522870632426,351,5413,41,1546,85128,83582,0.0,13.4
9,50,0.2500462544022221,0,0.25946937820404736,0.2313611971119915,0.028108181092055873,415,7300,42,2566,134481,131915,0.0,15.2
9,75,0.2638451287554199,0,0.22831189239544045,0.20553544582813096,0.022776446567309483,542,11143,51,5394,308023,302629,0.0,16.6
9,100,0.23759648275407885,0,0.22152782745971267,0.18618253817879496,0.03534528928091771,589,13229,59,8456,444099,435643,0.0,14.1
9,150,0.25867124121652546,0,0.24195579469834272,0.19468545347046864,0.047270341227874074,640,15397,67,13245,636775,623530,0.0,10.5
9,152,0.2377025968113349,0,0.25202425310078685,0.2184240671507723,0.033600185950014544,641,15464,70,13370,647240,633870,0.0,9.8
10,10,0.24863973591038052,0,0.2185617723828446,0.23596207736933325,-0.017400304986488646,267,4005,30,1008,58679,57671,0.0,15.4
10,20,0.2814736015979476,0,0.23705768441924985,0.22823937725971422,0.008818307159535632,305,4886,32,1385,71411,70026,0.0,16.4
10,30,0.2356108691832115,0,0.23868910019196782,0.2664377473623409,-0.027748647170373064,333,5827,41,1951,100870,98919,0.0,14.7
10,50,0.23697920022887028,0,0.24720184045182558,0.2678329849586027,-0.02063114450677711,415,7796,49,2813,167376,164563,0.0,16.4
10,75,0.2693291190621663,0,0.2319127199360358,0.2014038227980619,0.03050889713797389,536,11006,46,4908,273983,269075,0.0,18.8
10,100,0.2686688690165839,0,0.25581445969364974,0.22695888198647543,0.028855577707174312,584,12345,55,7659,393672,386013,0.0,15.6
10,150,0.26678901895165913,0,0.24142034785929328,0.22148002398072106,0.019940323878572225,639,15410,71,13325,641097,627772,0.0,10.2
10,152,0.23285065915648231,0,0.24446824806451864,0.20391331516069514,0.040554932903823504,641,15464,70,13370,647240,633870,0.0,9.8
11,10,0.31435572441445725,0,0.21298697617731308,0.24368593260988675,-0.03069895643257367,319,4403,27,997,66613,65616,0.0,20.4
11,20,0.3465512221215527,0,0.24485256465259744,0.20052478977214475,0.0443277748804527,460,8145,30,3014,151312,148298,0.0,20.2
11,30,0.3643907507917866,0,0.2635047205271997,0.21222250471860404,0.051282215808595655,501,9231,31,3669,183436,179767,0.0,19.0
11,50,0.33373275019176857,0,0.22595466585296378,0.2061637729770808,0.01979089287588298,541,10762,36,5011,248430,243419,0.0,18.5
11,75,0.3133703281130267,0,0.2586016669354866,0.23484159257632042,0.02376007435916616,570,12048,43,6805,317481,310676,0.0,17.0
11,100,0.2711191646845665,0,0.24724889522503468,0.1949531154340756,0.05229577979095909,594,13422,55,8780,453403,444623,0.0,14.6
11,150,0.2655296366646059,0,0.25524674089061583,0.20854389492088618,0.04670284596972965,638,15283,69,12957,623696,610739,0.0,10.0
11,152,0.2423213860204552,0,0.23483904634525424,0.2073824269289479,0.027456619416306338,641,15464,70,13370,647240,633870,0.0,9.8
12,10,0.30141829864140357,0,0.21343446450156375,0.22629226723993,-0.012857802738366259,389,5999,26,2812,118732,115920,0.0,23.4
12,20,0.31361101251481266,0,0.2698593384442883,0.2696924357803382,0.0001669026639500859,411,6494,29,3182,129948,126766,0.0,20.7
12,30,0.29474757651067335,0,0.26017478506527775,0.22276836613375917,0.03740641893151858,473,8461,37,3939,177449,173510,0.0,17.5
12,50,0.26293502791105633,0,0.25661637396626635,0.20025905878310976,0.05635731518315659,516,9684,42,5700,263277,257577,0.0,14.7
12,75,0.2668953920990453,0,0.26574452294773576,0.2300271012671607,0.03571742168057507,566,11590,49,7312,336273,328961,0.0,13.6
12,100,0.27457925846161896,0,0.25165932758591564,0.2151182951534811,0.036541032432434534,594,12729,57,8642,430191,421549,0.0,13.5
12,150,0.26949242555822106,0,0.24241088185950393,0.21281827420799632,0.02959260765150762,640,15201,66,12815,621423,608608,0.0,10.3
12,152,0.23304940878989583,0,0.22204614111251075,0.2095064209411832,0.01253972017132754,641,15464,70,13370,647240,633870,0.0,9.8
13,10,0.2735325357884624,0,0.1925144800097739,0.18548087505212912,0.007033604957644768,343,4719,28,1269,87475,86206,0.0,20.7
13,20,0.2703510132592517,0,0.22091745233296614,0.26070210389505694,-0.039784651562090795,383,5977,35,1834,112666,110832,0.0,17.2
13,30,0.2927244663413322,0,0.2347329360122226,0.2414420538755959,-0.006709117863373304,407,6601,39,2233,130884,128651,0.0,17.2
13,50,0.29627308628186205,0,0.22629312681478037,0.24371379291626433,-0.01742066610148396,502,9233,41,4764,235449,230685,0.0,17.5
13,75,0.28595415172218813,0,0.2547370339245927,0.2302363151656175,0.024500718758975193,577,11256,46,7854,362149,354295,0.0,15.3
13,100,0.25645291377765517,0,0.25885052918940565,0.21271739727293812,0.046133131916467535,598,12844,56,9712,466895,457183,0.0,13.4
13,150,0.22591379808675513,0,0.21850438632559302,0.19594513606564765,0.022559250259945374,641,15421,70,13264,639982,626718,0.0,9.8
13,152,0.26931168762398217,0,0.2394140713420815,0.19865806155159174,0.04075600979048977,641,15464,70,13370,647240,633870,0.0,9.8
14,10,0.2832477923642994,0,0.2529645420733912,0.21851334339664752,0.03445119867674368,214,2503,17,491,21699,21208,0.0,31.8
14,20,0.29491041993480455,0,0.20714237832510393,0.21890115792816012,-0.011758779603056185,356,5337,25,1456,75802,74346,0.0,23.3
14,30,0.3256011385715543,0,0.237228843942962,0.19176439444334295,0.04546444949961906,444,7180,32,2813,139566,136753,0.0,22.5
14,50,0.31532682517292204,0,0.217185821583383,0.2175941103871073,-0.0004082888037242882,478,8138,31,3329,160305,156976,0.0,21.3
14,75,0.27586552321431124,0,0.23799063823680072,0.19881134360564892,0.0391792946311518,562,11621,51,7071,346529,339458,0.0,16.7
14,100,0.2423197942170385,0,0.24572080103193344,0.22548431938351018,0.02023648164842326,606,13551,56,9896,468473,458577,0.0,13.5
14,150,0.2568410568274192,0,0.2382407562426756,0.21445092319658968,0.023789833046085923,641,15410,70,13223,642090,628867,0.0,10.6
14,152,0.24183431856722115,0,0.2196718449481222,0.18818585035312224,0.031485994594999955,641,15464,70,13370,647240,633870,0.0,9.8
15,10,0.2567146004378292,0,0.20049607837578085,0.23662335343658586,-0.036127275060805014,223,2886,26,410,28651,28241,0.0,22.0
15,20,0.27885913832513687,0,0.21666931686464422,0.1925185602926052,0.024150756572039023,323,4471,30,1023,58342,57319,0.0,21.1
15,30,0.26845029868857334,0,0.2491970981894288,0.21867909424055829,0.030518003948870526,356,5588,38,1507,80813,79306,0.0,16.9
15,50,0.29655553927711853,0,0.23330330019647463,0.20707282470524477,0.026230475491229865,508,9399,37,5538,222680,217142,0.0,16.5
15,75,0.29980678475837985,0,0.2619889121160247,0.21836211662948035,0.043626795486544356,573,11672,52,8126,372006,363880,0.0,16.8
15,100,0.27166569207661384,0,0.24403600562343086,0.22366990386270838,0.020366101760722483,590,12558,59,9746,458721,448975,0.0,14.9
15,150,0.24472438469066538,0,0.23572823329805662,0.2004110707326077,0.03531716256544892,641,15440,70,13289,642853,629564,0.0,10.0
15,152,0.2655485035904041,0,0.24785903714732743,0.2058903097276934,0.04196872741963403,641,15464,70,13370,647240,633870,0.0,9.8
16,10,0.23928307484654965,0,0.24586854324788504,0.29453281868158365,-0.04866427543369861,204,2482,28,399,23938,23539,0.0,22.5
16,20,0.2079907554447957,0,0.27331525314223226,0.2530793251906096,0.020235927951622656,240,3235,31,700,38645,37945,0.0,20.0
16,30,0.2343606313706484,0,0.3067646064937005,0.2526095122537856,0.054155094239914936,312,4652,32,1016,56547,55531,0.0,19.9
16,50,0.2641163808423873,0,0.28940509145179755,0.22643085264067328,0.06297423881112427,396,6997,47,2535,131863,129328,0.0,15.4
16,75,0.28936074296807374,0,0.27394096176751676,0.2285925861636927,0.04534837560382404,527,10102,45,5962,272118,266156,0.0,15.0
16,100,0.2755970792497556,0,0.2588193474264396,0.22377930369666102,0.035040043729778564,614,13678,55,9876,470207,460331,0.0,12.9
16,150,0.23982181037942701,0,0.22955518633472352,0.19822700394076648,0.031328182393957044,641,15413,70,13335,646312,632977,0.0,9.8
16,152,0.25235721660487026,0,0.2529065632657552,0.21759576161851182,0.0353108016472434,641,15464,70,13370,647240,633870,0.0,9.8
17,10,0.2165566952097656,0,0.25991421865993286,0.27530005230132815,-0.015385833641395286,222,2613,30,576,31496,30920,0.0,15.8
17,20,0.2586632884350025,0,0.2791261679354337,0.27472820269424036,0.004397965241193347,301,4460,32,928,50533,49605,0.0,17.6
17,30,0.2535074610055103,0,0.27587010426861946,0.23190274889094173,0.043967355377677736,365,5846,34,1459,78068,76609,0.0,15.1
17,50,0.27163193692887677,0,0.25984689003475475,0.23108846521552218,0.028758424819232575,468,8801,37,3200,154652,151452,0.0,17.9
17,75,0.2559547021645767,0,0.25966932475138443,0.2082547688121391,0.05141455593924532,511,10087,41,4389,212291,207902,0.0,15.7
17,100,0.28575069658183866,0,0.2782880808997393,0.20022920582474873,0.07805887507499054,577,11953,48,7193,331862,324669,0.0,14.0
17,150,0.24548018752715955,0,0.22932229771864254,0.20032162844713616,0.02900066927150638,641,15447,70,13342,645864,632522,0.0,9.8
17,152,0.2636093521885677,0,0.2209066747768472,0.19761180991956,0.023294864857287184,641,15464,70,13370,647240,633870,0.0,9.8
18,10,0.2631942217603938,0,0.23428949888777262,0.28162288673398195,-0.04733338784620933,203,2564,21,442,21051,20609,0.0,29.6
18,20,0.30889429719423206,0,0.23955792586977512,0.28371035233885744,-0.04415242646908232,372,5484,29,2272,89841,87569,0.0,18.8
18,30,0.32543887026972856,0,0.2435028970173881,0.28591720842463153,-0.042414311407243444,401,6616,33,2863,110658,107795,0.0,17.5
18,50,0.30607875424529046,0,0.23580889913904607,0.24411904977183793,-0.008310150632791863,475,8444,34,3760,166635,162875,0.0,18.7
18,75,0.269622422933289,0,0.2523041335787344,0.22494981413182122,0.02735431944691316,523,10173,51,5310,276547,271237,0.0,15.9
18,100,0.25092673767656953,0,0.21823392309351008,0.2183284432769246,-9.45201834145204e-05,593,13031,57,9518,452127,442609,0.0,13.7
18,150,0.26592500875119696,0,0.24317764107822512,0.2107577270629241,0.03241991401530103,639,15366,70,13273,641171,627898,0.0,9.9
18,152,0.2472792098789873,0,0.23430861452844098,0.20471485889122293,0.029593755637218055,641,15464,70,13370,647240,633870,0.0,9.8
19,10,0.29065102140512117,0,0.25247698400743984,0.2561543564159313,-0.003677372408491475,177,2024,20,396,15490,15094,0.0,26.6
19,20,0.25962728735852786,0,0.2762855145042945,0.263013149686281,0.013272364818013527,382,6223,26,2555,107073,104518,0.0,23.3
19,30,0.23149271031276394,0,0.2619089819743568,0.25491200928913077,0.006996972685226033,407,6932,34,3068,137863,134795,0.0,20.4
19,50,0.21366472197320313,0,0.2577772491970597,0.22868198201272052,0.029095267184339163,459,8453,41,4258,201886,197628,0.0,19.0
19,75,0.2564072132923473,0,0.2583497590316323,0.2242774149793316,0.034072344052300724,534,10598,44,6317,298692,292375,0.0,15.5
19,100,0.27174135190985593,0,0.275474433235226,0.21876410794355433,0.05671032529167169,597,13230,53,8626,445881,437255,0.0,15.7
19,150,0.24211190052388615,0,0.22127552641493906,0.2113661963389184,0.009909330076020656,641,15463,70,13357,646766,633409,0.0,9.8
19,152,0.25551897796499606,0,0.23960910771720986,0.20058913034525994,0.03901997737194993,641,15464,70,13370,647240,633870,0.0,9.8
